Arbor Mist 2016 Walmart Geo copy 2,2015-05-06,2015-06-30,National,No Gender Data,Arbor Mist,799.9975,21,65,Keyword
Arbor Mist 2016 Walmart Geo copy 1,2015-05-06,2015-06-30,National,No Gender Data,Arbor Mist,799.9975,21,65,Keyword
Arbor Mist 2016 Walmart Geo Partition 22,2015-05-01,2015-06-30,Geographic,No Gender Data,Arbor Mist,776.6524999999999,21,65,Keyword
Arbor Mist 2016 Walmart Geo Partition 21,2015-05-01,2015-06-30,Geographic,No Gender Data,Arbor Mist,810.428,21,65,Keyword
Arbor Mist 2016 Walmart Geo Partition 23,2015-05-01,2015-06-30,Geographic,No Gender Data,Arbor Mist,334.30499999999995,21,65,Keyword
Arbor Mist 2016 Walmart Geo Partition 17,2015-05-01,2015-06-30,Geographic,No Gender Data,Arbor Mist,742.8884999999999,21,65,Keyword
Arbor Mist 2016 Walmart Geo Partition 16,2015-05-01,2015-06-30,Geographic,No Gender Data,Arbor Mist,574.0455,21,65,Keyword
Arbor Mist 2016 Walmart Geo Partition 20,2015-05-01,2015-06-30,Geographic,No Gender Data,Arbor Mist,877.956,21,65,Keyword
Arbor Mist 2016 Walmart Geo Partition 18,2015-05-01,2015-06-30,Geographic,No Gender Data,Arbor Mist,574.0455,21,65,Keyword
Arbor Mist 2016 Walmart Geo Partition 19,2015-05-01,2015-06-30,Geographic,No Gender Data,Arbor Mist,574.0455,21,65,Keyword
Arbor Mist 2016 Walmart Geo Partition 14,2015-05-01,2015-06-30,Geographic,No Gender Data,Arbor Mist,1384.4735,21,65,Keyword
Arbor Mist 2016 Walmart Geo Partition 15,2015-05-01,2015-06-30,Geographic,No Gender Data,Arbor Mist,1046.799,21,65,Keyword
Arbor Mist 2016 Walmart Geo Partition 11,2015-05-01,2015-06-30,Geographic,No Gender Data,Arbor Mist,742.8884999999999,21,65,Keyword
Arbor Mist 2016 Walmart Geo Partition 12,2015-05-01,2015-06-30,Geographic,No Gender Data,Arbor Mist,472.74199999999996,21,65,Keyword
Arbor Mist 2016 Walmart Geo Partition 13,2015-05-01,2015-06-30,Geographic,No Gender Data,Arbor Mist,506.5174999999999,21,65,Keyword
Arbor Mist 2016 Walmart Geo Partition 08,2015-05-01,2015-06-30,Geographic,No Gender Data,Arbor Mist,945.4954999999999,21,65,Keyword
Arbor Mist 2016 Walmart Geo Partition 10,2015-05-01,2015-06-30,Geographic,No Gender Data,Arbor Mist,945.4954999999999,21,65,Keyword
Arbor Mist 2016 Walmart Geo Partition 07,2015-05-01,2015-06-30,Geographic,No Gender Data,Arbor Mist,844.192,21,65,Keyword
Arbor Mist 2016 Walmart Geo Partition 09,2015-05-01,2015-06-30,Geographic,No Gender Data,Arbor Mist,540.2814999999999,21,65,Keyword
Arbor Mist 2016 Walmart Geo Partition 06,2015-05-01,2015-06-30,Geographic,No Gender Data,Arbor Mist,776.6524999999999,21,65,Keyword
Arbor Mist 2016 Walmart Geo Partition 03,2015-05-01,2015-06-30,Geographic,No Gender Data,Arbor Mist,1620.8445,21,65,Keyword
Arbor Mist 2016 Walmart Geo Partition 04,2015-05-01,2015-06-30,Geographic,No Gender Data,Arbor Mist,945.4954999999999,21,65,Keyword
Arbor Mist 2016 Walmart Geo Partition 05,2015-05-01,2015-06-30,Geographic,No Gender Data,Arbor Mist,945.4954999999999,21,65,Keyword
Arbor Mist 2016 Walmart Geo Partition 02,2015-05-01,2015-06-30,Geographic,No Gender Data,Arbor Mist,1046.799,21,65,Keyword
Arbor Mist 2016 Walmart Geo Partition 01,2015-05-01,2015-06-30,Geographic,No Gender Data,Arbor Mist,371.45,21,65,Keyword
Black Box 2016 Super Target 1,2015-09-28,2015-10-04,Geographic,No Gender Data,Black Box,Spend Not Available,21,65,Behavioral
Black Box 2016 Super Target 3,2015-10-12,2015-10-18,Geographic,No Gender Data,Black Box,Spend Not Available,21,65,Behavioral
Black Box 2016 Super Target 2,2015-10-05,2015-10-11,Geographic,No Gender Data,Black Box,Spend Not Available,21,65,Behavioral
Black Box 2016 Super Target 4,2015-10-19,2015-10-26,Geographic,No Gender Data,Black Box,Spend Not Available,21,65,Behavioral
Black Box 2016 Sweepstake Re-targeting,2015-07-21,2015-08-25,National,No Gender Data,Black Box,2849.9874999999997,21,65,Keyword
Black Box 2016 Sweepstake box,2015-07-07,2015-08-25,National,No Gender Data,Black Box,8074.5525,21,65,Keyword
Black Box 2016 Sweepstake logo,2015-07-07,2015-08-25,National,No Gender Data,Black Box,8074.897499999999,21,65,Keyword
US - 21-65,2014-02-25,2014-02-26,No Targeting Information,No Gender Data,US - 21-6,233.404,No Targeting,No Targeting,No Methodology
US - 21-65,2014-02-20,2014-02-23,No Targeting Information,No Gender Data,US - 21-6,233.31199999999998,No Targeting,No Targeting,No Methodology
US - 21-65,2014-02-19,2014-02-20,No Targeting Information,No Gender Data,US - 21-6,233.27749999999997,No Targeting,No Targeting,No Methodology
US - 21-65,2014-01-14,2014-01-15,No Targeting Information,No Gender Data,US - 21-6,200.00799999999998,No Targeting,No Targeting,No Methodology
US - 21-65,2014-01-06,2014-01-09,No Targeting Information,No Gender Data,US - 21-6,200.00799999999998,No Targeting,No Targeting,No Methodology
US - 21-65,2013-12-16,2013-12-17,No Targeting Information,No Gender Data,US - 21-6,100.00399999999999,No Targeting,No Targeting,No Methodology
Clos du Bois 2016 Sonoma Sweeps Lookalike Desktop,2015-03-20,2015-04-28,National,No Gender Data,Clos du Bois,9999.9975,21,65,Keyword
Clos du Bois 2016 Sonoma Sweeps Lookalike Mobile,2015-03-20,2015-04-28,National,No Gender Data,Clos du Bois,9999.9975,21,65,Keyword
Clos du Bois 2016 Sonoma Sweeps Wine Mobile,2015-03-04,2015-04-28,National,No Gender Data,Clos du Bois,9999.9975,21,65,Keyword
Clos du Bois 2016 Sonoma Sweeps Wine Desktop,2015-03-04,2015-04-28,National,No Gender Data,Clos du Bois,9999.9975,21,65,Keyword
Clos du Bois 2016 Sonoma Sweeps Wine Desktop,2015-03-04,2015-04-28,National,No Gender Data,Clos du Bois,Spend Not Available,21,65,Keyword
Clos du Bois 2016 Sonoma Sweeps Wine Mobile,2015-03-04,2015-04-28,National,No Gender Data,Clos du Bois,Spend Not Available,21,65,Keyword
Clos Krave Combined,2014-12-15,2014-12-17,National,No Gender Data,Clos Krave C,7104.343499999999,21,65,Keyword
Clos Krave Desktop - Conversion Optimization,2014-12-05,2014-12-17,Geographic,No Gender Data,Clos Krave D,2925.9565,21,65,Keyword
Clos Krave Mobile - Conversion Optimization,2014-12-05,2014-12-17,Geographic,No Gender Data,Clos Krave M,3893.3019999999997,21,65,Keyword
Clos Krave Desktop,2014-11-18,2014-12-17,Geographic,No Gender Data,Clos Krave D,1878.7779999999998,21,65,Keyword
Clos Krave Mobile,2014-11-18,2014-12-17,Geographic,No Gender Data,Clos Krave M,3429.3575,21,65,Keyword
instagram test,2015-08-31,2015-09-30,National,No Gender Data,instagram test,Spend Not Available,21,65,Demo
RMW Direct Sales - West - Emails,2014-12-09,2014-12-17,Geographic,No Gender Data,RMW Direct Sales - W,12.8455,21,65,Keyword
RMW Direct Sales - West - Email Lookalikes,2014-12-09,2014-12-17,Geographic,No Gender Data,RMW Direct Sales - W,537.786,21,65,Keyword
RMW Direct Sales - West - Fans,2014-12-09,2014-12-17,Geographic,No Gender Data,RMW Direct Sales - W,92.0,21,65,Keyword
RMW Direct Sales - East/Mid - Email Lookalikes,2014-12-09,2014-12-15,Geographic,No Gender Data,RMW Direct Sales - E,420.44,21,65,Keyword
RMW Direct Sales - East/Mid - Emails,2014-12-09,2014-12-15,Geographic,No Gender Data,RMW Direct Sales - E,37.168,21,65,Keyword
RMW Direct Sales - East/Mid - Fans,2014-12-09,2014-12-15,Geographic,No Gender Data,RMW Direct Sales - E,249.97549999999998,21,65,Keyword
RMW Direct Sales - California - Fans,2014-12-09,2014-12-19,Geographic,No Gender Data,RMW Direct Sales - C,249.97549999999998,21,65,Keyword
RMW Direct Sales - California - Email Lookalikes,2014-12-09,2014-12-19,Geographic,No Gender Data,RMW Direct Sales - C,476.859,21,65,Keyword
RMW Direct Sales - California - Emails,2014-12-09,2014-12-19,Geographic,No Gender Data,RMW Direct Sales - C,21.229,21,65,Keyword
Clos du Bois Direct Sales - West - Emails,2014-12-09,2014-12-17,Geographic,No Gender Data,Clos du Bois Direct ,12.1555,21,65,Keyword
Clos du Bois Direct Sales - West - Email Lookalikes,2014-12-09,2014-12-17,Geographic,No Gender Data,Clos du Bois Direct ,335.984,21,65,Keyword
Clos du Bois Direct Sales - West - Fans,2014-12-09,2014-12-17,Geographic,No Gender Data,Clos du Bois Direct ,230.51749999999996,21,65,Keyword
Clos du Bois Direct Sales - East/Mid - Fans,2014-12-09,2014-12-15,Geographic,No Gender Data,Clos du Bois Direct ,229.9885,21,65,Keyword
Clos du Bois Direct Sales - East/Mid - Email Lookalikes,2014-12-09,2014-12-15,Geographic,No Gender Data,Clos du Bois Direct ,479.78,21,65,Keyword
Clos du Bois Direct Sales - East/Mid - Emails,2014-12-09,2014-12-15,Geographic,No Gender Data,Clos du Bois Direct ,23.022999999999996,21,65,Keyword
Clos du Bois Direct Sales - California - Email Lookalikes,2014-12-09,2014-12-19,Geographic,No Gender Data,Clos du Bois Direct ,538.0849999999999,21,65,Keyword
Clos du Bois Direct Sales - California - Emails,2014-12-09,2014-12-19,Geographic,No Gender Data,Clos du Bois Direct ,15.3525,21,65,Keyword
Clos du Bois Direct Sales - California - Fans,2014-12-09,2014-12-19,Geographic,No Gender Data,Clos du Bois Direct ,228.70049999999998,21,65,Keyword
Constellation Remarketing Ad Set 1,2014-10-23,2016-01-29,No Targeting Information,No Gender Data,Constellation Remark,232.23099999999997,No Targeting,No Targeting,No Methodology
Dreaming Tree 2016 Jan Sweeps Food,2016-01-01,2016-01-30,Geographic,No Gender Data,Dreaming Tree,3153.254,21,65,Keyword
Dreaming Tree 2016 Jan Sweeps Music,2016-01-01,2016-01-30,Geographic,No Gender Data,Dreaming Tree,3409.9569999999994,21,65,Keyword
Dreaming Tree February 2015,2015-03-02,2015-03-04,National,No Gender Data,Dreaming Tree,8203.364,21,65,Behavioral
Dreaming Tree February 2015,2015-02-21,2015-02-28,National,No Gender Data,Dreaming Tree,58798.441999999995,21,65,Behavioral
Estancia 2016 sweepstakes behavior,2015-05-01,2015-06-30,National,No Gender Data,Estancia,3199.8404999999993,21,65,Behavioral
Estancia 2016 sweepstakes interest,2015-05-01,2015-06-30,National,No Gender Data,Estancia,16799.867,21,65,Keyword
Estancia Aspen Sweepstakes,2014-09-10,2014-10-15,No Targeting Information,No Gender Data,Estancia,1490.4229999999998,No Targeting,No Targeting,No Methodology
US - 21+,2014-08-13,2014-08-14,Geographic,No Gender Data,US - 21+,100.00399999999999,21,65,Keyword
US - 21-65,2014-03-13,2014-03-14,No Targeting Information,No Gender Data,US - 21-,100.00399999999999,No Targeting,No Targeting,No Methodology
US - 21-65,2014-03-12,2014-03-13,No Targeting Information,No Gender Data,US - 21-,100.00399999999999,No Targeting,No Targeting,No Methodology
US - 21-65,2014-02-21,2014-02-24,No Targeting Information,No Gender Data,US - 21-,400.01599999999996,No Targeting,No Targeting,No Methodology
US - 21-65,2014-02-18,2014-02-21,No Targeting Information,No Gender Data,US - 21-,396.92249999999996,No Targeting,No Targeting,No Methodology
US - 21-65,2014-02-14,2014-02-14,No Targeting Information,No Gender Data,US - 21-,376.7745,No Targeting,No Targeting,No Methodology
US - 21-65,2014-02-11,2014-02-14,No Targeting Information,No Gender Data,US - 21-,400.01599999999996,No Targeting,No Targeting,No Methodology
US - 21-65,2014-02-06,2014-02-09,No Targeting Information,No Gender Data,US - 21-,400.01599999999996,No Targeting,No Targeting,No Methodology
US - 21-65,2014-01-30,2014-02-02,No Targeting Information,No Gender Data,US - 21-,400.01599999999996,No Targeting,No Targeting,No Methodology
US - 21-65,2014-01-28,2014-01-31,No Targeting Information,No Gender Data,US - 21-,400.246,No Targeting,No Targeting,No Methodology
US - 21-65,2014-01-20,2014-01-23,No Targeting Information,No Gender Data,US - 21-,400.01599999999996,No Targeting,No Targeting,No Methodology
US - 21-65,2014-01-17,2014-01-20,No Targeting Information,No Gender Data,US - 21-,400.01599999999996,No Targeting,No Targeting,No Methodology
US - 21-65,2014-01-14,2014-01-17,No Targeting Information,No Gender Data,US - 21-,400.01599999999996,No Targeting,No Targeting,No Methodology
US - 21-65,2014-01-10,2014-01-13,No Targeting Information,No Gender Data,US - 21-,400.01599999999996,No Targeting,No Targeting,No Methodology
US - 21-65,2013-12-12,2013-12-15,No Targeting Information,No Gender Data,US - 21-,250.01,No Targeting,No Targeting,No Methodology
US - 21-65,2013-12-10,2013-12-13,No Targeting Information,No Gender Data,US - 21-,251.51649999999998,No Targeting,No Targeting,No Methodology
US - 21-65,2013-11-21,2013-11-27,No Targeting Information,No Gender Data,US - 21-,112.86099999999999,No Targeting,No Targeting,No Methodology
US - 21-65,2013-11-21,2013-11-24,No Targeting Information,No Gender Data,US - 21-,Spend Not Available,No Targeting,No Targeting,No Methodology
Kim Crawford NZ Video Campaign 1 FOF,2015-10-27,2015-11-05,Geographic,No Gender Data,Kim Crawford,282.6355,18,65,Keyword
Kim Crawford NZ Video Campaign 1,2015-10-27,2015-11-05,Geographic,No Gender Data,Kim Crawford,57.49999999999999,18,65,Keyword
Mark West 2016 Local Campaign Week 8 Local 5,2015-12-20,2015-12-26,Geographic,No Gender Data,Mark West,70.1155,21,65,Keyword
Mark West 2016 Local Campaign Week 8 Local 7,2015-12-20,2015-12-26,Geographic,No Gender Data,Mark West,97.083,21,65,Keyword
Mark West 2016 Local Campaign Week 8 Local 2,2015-12-20,2015-12-26,Geographic,No Gender Data,Mark West,242.70749999999998,21,65,Keyword
Mark West 2016 Local Campaign Week 8 Local 3,2015-12-20,2015-12-26,Geographic,No Gender Data,Mark West,210.3465,21,65,Keyword
Mark West 2016 Local Campaign Week 8 Local 1,2015-12-20,2015-12-26,Geographic,No Gender Data,Mark West,172.592,21,65,Keyword
Mark West 2016 Local Campaign Week 8 Local 6,2015-12-20,2015-12-26,Geographic,No Gender Data,Mark West,167.19849999999997,21,65,Keyword
Mark West 2016 Local Campaign Week 8 Local 4,2015-12-20,2015-12-26,Geographic,No Gender Data,Mark West,151.01799999999997,21,65,Keyword
Mark West 2016 Local Campaign Week 7 Local 7,2015-12-13,2015-12-19,Geographic,No Gender Data,Mark West,96.95649999999999,21,65,Keyword
Mark West 2016 Local Campaign Week 7 Local 6,2015-12-13,2015-12-19,Geographic,No Gender Data,Mark West,167.0375,21,65,Keyword
Mark West 2016 Local Campaign Week 7 Local 2,2015-12-13,2015-12-19,Geographic,No Gender Data,Mark West,242.42,21,65,Keyword
Mark West 2016 Local Campaign Week 7 Local 4,2015-12-13,2015-12-19,Geographic,No Gender Data,Mark West,150.86849999999998,21,65,Keyword
Mark West 2016 Local Campaign Week 7 Local 3,2015-12-13,2015-12-19,Geographic,No Gender Data,Mark West,210.1165,21,65,Keyword
Mark West 2016 Local Campaign Week 7 Local 5,2015-12-13,2015-12-19,Geographic,No Gender Data,Mark West,70.06949999999999,21,65,Keyword
Mark West 2016 Local Campaign Week 7 Local 1,2015-12-13,2015-12-19,Geographic,No Gender Data,Mark West,172.4885,21,65,Keyword
Mark West 2016  Local Campaign Week 6 Local 7,2015-12-06,2015-12-31,Geographic,No Gender Data,Mark West,195.40799999999996,21,65,Keyword
Mark West 2016  Local Campaign Week 6 Local 6,2015-12-06,2015-12-31,Geographic,No Gender Data,Mark West,413.74699999999996,21,65,Keyword
Mark West 2016  Local Campaign Week 6 Local 2,2015-12-06,2015-12-31,Geographic,No Gender Data,Mark West,517.201,21,65,Keyword
Mark West 2016  Local Campaign Week 6 Local 4,2015-12-06,2015-12-31,Geographic,No Gender Data,Mark West,298.908,21,65,Keyword
Mark West 2016  Local Campaign Week 6 Local 3,2015-12-06,2015-12-31,Geographic,No Gender Data,Mark West,451.513,21,65,Keyword
Mark West 2016  Local Campaign Week 6 Local 5,2015-12-06,2015-12-31,Geographic,No Gender Data,Mark West,137.9655,21,65,Keyword
Mark West 2016  Local Campaign Week 6 Local 1,2015-12-06,2015-12-31,Geographic,No Gender Data,Mark West,413.8159999999999,21,65,Keyword
Mark West 2016 Local Campaign Week 5 Local 7,2015-11-29,2015-12-05,Geographic,No Gender Data,Mark West,97.07149999999999,21,65,Keyword
Mark West 2016 Local Campaign Week 5 Local 6,2015-11-29,2015-12-05,Geographic,No Gender Data,Mark West,167.19849999999997,21,65,Keyword
Mark West 2016 Local Campaign Week 5 Local 2,2015-11-29,2015-12-05,Geographic,No Gender Data,Mark West,242.69599999999997,21,65,Keyword
Mark West 2016 Local Campaign Week 5 Local 4,2015-11-29,2015-12-05,Geographic,No Gender Data,Mark West,151.01799999999997,21,65,Keyword
Mark West 2016 Local Campaign Week 5 Local 5,2015-11-29,2015-12-05,Geographic,No Gender Data,Mark West,70.1155,21,65,Keyword
Mark West 2016 Local Campaign Week 5 Local 3,2015-11-29,2015-12-05,Geographic,No Gender Data,Mark West,210.3465,21,65,Keyword
Mark West 2016 Local Campaign Week 5 Local 1,2015-11-29,2015-12-05,Geographic,No Gender Data,Mark West,172.592,21,65,Keyword
Mark West 2016 Local Campaign Week 4 Local 5,2015-11-22,2015-11-28,Geographic,No Gender Data,Mark West,70.1155,21,65,Keyword
Mark West 2016 Local Campaign Week 4 Local 6,2015-11-22,2015-11-28,Geographic,No Gender Data,Mark West,167.19849999999997,21,65,Keyword
Mark West 2016 Local Campaign Week 4 Local 4,2015-11-22,2015-11-28,Geographic,No Gender Data,Mark West,151.01799999999997,21,65,Keyword
Mark West 2016 Local Campaign Week 4 Local 3,2015-11-22,2015-11-28,Geographic,No Gender Data,Mark West,210.3465,21,65,Keyword
Mark West 2016 Local Campaign Week 4 Local 7,2015-11-22,2015-11-28,Geographic,No Gender Data,Mark West,97.083,21,65,Keyword
Mark West 2016 Local Campaign Week 4 Local 1,2015-11-22,2015-11-28,Geographic,No Gender Data,Mark West,172.592,21,65,Keyword
Mark West 2016 Local Campaign Week 4 Local 2,2015-11-22,2015-11-28,Geographic,No Gender Data,Mark West,242.70749999999998,21,65,Keyword
Mark West 2016 MW Campaign Week 7,2015-12-13,2015-12-19,Geographic,No Gender Data,Mark West,555.5534999999999,21,65,Keyword
Mark West 2016 MW Campaign Week 9,2015-12-27,2015-12-31,Geographic,No Gender Data,Mark West,555.1049999999999,21,65,Keyword
Mark West 2016 MW Campaign Week 8,2015-12-20,2015-12-26,Geographic,No Gender Data,Mark West,555.5534999999999,21,65,Keyword
Mark West 2016 MW Campaign Week 4,2015-11-22,2015-11-28,Geographic,No Gender Data,Mark West,555.5534999999999,21,65,Keyword
Mark West 2016 MW Campaign Week 5,2015-11-29,2015-12-05,Geographic,No Gender Data,Mark West,555.5419999999999,21,65,Keyword
Mark West 2016 MW Campaign Week 6,2015-12-06,2015-12-12,Geographic,No Gender Data,Mark West,555.5534999999999,21,65,Keyword
Mark West 2016 MW Campaign Week 3,2015-11-15,2015-11-21,Geographic,No Gender Data,Mark West,555.5534999999999,21,65,Keyword
Mark West 2016 MW Campaign Week 2,2015-11-08,2015-11-14,Geographic,No Gender Data,Mark West,449.45449999999994,21,65,Keyword
Mark West 2016 MW Campaign Week 1,2015-11-01,2015-11-07,Geographic,No Gender Data,Mark West,555.5534999999999,21,65,Keyword
Mark West 2016  Local Campaign Week 3 Local 7,2015-11-15,2015-11-21,Geographic,No Gender Data,Mark West,97.083,21,65,Keyword
Mark West 2016 Local Campaign Week 2 Local 5,2015-11-08,2015-11-14,Geographic,No Gender Data,Mark West,56.833,21,65,Keyword
Mark West 2016 Local Campaign Week 1 Local 7,2015-11-01,2015-11-07,Geographic,No Gender Data,Mark West,97.083,21,65,Keyword
Mark West 2016 Local Campaign Week 2 Local 7,2015-11-08,2015-11-14,Geographic,No Gender Data,Mark West,78.79799999999999,21,65,Keyword
Mark West 2016 Local Campaign Week 1 Local 6,2015-11-01,2015-11-07,Geographic,No Gender Data,Mark West,167.19849999999997,21,65,Keyword
Mark West 2016  Local Campaign Week 3 Local 5,2015-11-15,2015-11-21,Geographic,No Gender Data,Mark West,70.1155,21,65,Keyword
Mark West 2016 Local Campaign Week 1 Local 2,2015-11-01,2015-11-07,Geographic,No Gender Data,Mark West,242.70749999999998,21,65,Keyword
Mark West 2016 Local Campaign Week 1 Local 5,2015-11-01,2015-11-07,Geographic,No Gender Data,Mark West,70.1155,21,65,Keyword
Mark West 2016 Local Campaign Week 1 Local 4,2015-11-01,2015-11-07,Geographic,No Gender Data,Mark West,151.01799999999997,21,65,Keyword
Mark West 2016 Local Campaign Week 1 Local 3,2015-11-01,2015-11-07,Geographic,No Gender Data,Mark West,210.3465,21,65,Keyword
Mark West 2016 Local Campaign Week 1 Local 1,2015-11-01,2015-11-07,Geographic,No Gender Data,Mark West,172.592,21,65,Keyword
Mark West 2016  Local Campaign Week 3 Local 4,2015-11-15,2015-11-21,Geographic,No Gender Data,Mark West,151.01799999999997,21,65,Keyword
Mark West 2016  Local Campaign Week 3 Local 3,2015-11-15,2015-11-21,Geographic,No Gender Data,Mark West,210.3465,21,65,Keyword
Mark West 2016  Local Campaign Week 3 Local 6,2015-11-15,2015-11-21,Geographic,No Gender Data,Mark West,167.19849999999997,21,65,Keyword
Mark West 2016  Local Campaign Week 3 Local 2,2015-11-15,2015-11-21,Geographic,No Gender Data,Mark West,242.70749999999998,21,65,Keyword
Mark West 2016  Local Campaign Week 3 Local 1,2015-11-15,2015-11-21,Geographic,No Gender Data,Mark West,172.592,21,65,Keyword
Mark West 2016 Local Campaign Week 2 Local 4,2015-11-08,2015-11-14,Geographic,No Gender Data,Mark West,122.32549999999999,21,65,Keyword
Mark West 2016 Local Campaign Week 2 Local 2,2015-11-08,2015-11-14,Geographic,No Gender Data,Mark West,198.59349999999998,21,65,Keyword
Mark West 2016 Local Campaign Week 2 Local 3,2015-11-08,2015-11-14,Geographic,No Gender Data,Mark West,171.051,21,65,Keyword
Mark West 2016 Local Campaign Week 2 Local 1,2015-11-08,2015-11-14,Geographic,No Gender Data,Mark West,141.1395,21,65,Keyword
Mark West 2016 Local Campaign Week 2 Local 6,2015-11-08,2015-11-14,Geographic,No Gender Data,Mark West,136.43599999999998,21,65,Keyword
Mark West 2016 NW Campaign Week 9 Albertsons,2015-12-27,2015-12-31,Geographic,No Gender Data,Mark West,268.157,21,65,Demo
Mark West 2016 NW Campaign Week 9 Safeway 2,2015-12-27,2015-12-31,Geographic,No Gender Data,Mark West,134.08999999999997,21,65,Demo
Mark West 2016 NW Campaign Week 9 FredMeyer,2015-12-27,2015-12-31,Geographic,No Gender Data,Mark West,292.123,21,65,Demo
Mark West 2016 NW Campaign Week 9 Safeway 1,2015-12-27,2015-12-31,Geographic,No Gender Data,Mark West,225.08949999999996,21,65,Demo
Mark West 2016 NW Campaign Week 9 QFC,2015-12-27,2015-12-31,Geographic,No Gender Data,Mark West,191.46349999999998,21,65,Demo
Mark West 2016 NW Campaign Week 8 Safeway 2,2015-12-20,2015-12-26,Geographic,No Gender Data,Mark West,134.1015,21,65,Demo
Mark West 2016 NW Campaign Week 8 Albertsons,2015-12-20,2015-12-26,Geographic,No Gender Data,Mark West,268.203,21,65,Demo
Mark West 2016 NW Campaign Week 8 Safeway 1,2015-12-20,2015-12-26,Geographic,No Gender Data,Mark West,225.101,21,65,Demo
Mark West 2016 NW Campaign Week 8 FredMeyer,2015-12-20,2015-12-26,Geographic,No Gender Data,Mark West,292.14599999999996,21,65,Demo
Mark West 2016 NW Campaign Week 8 QFC,2015-12-20,2015-12-26,Geographic,No Gender Data,Mark West,191.567,21,65,Demo
Mark West 2016 NW Campaign Week 7 Safeway 2,2015-12-13,2015-12-19,Geographic,No Gender Data,Mark West,134.1015,21,65,Demo
Mark West 2016 NW Campaign Week 7 Safeway 1,2015-12-13,2015-12-19,Geographic,No Gender Data,Mark West,225.101,21,65,Demo
Mark West 2016 NW Campaign Week 7 FredMeyer,2015-12-13,2015-12-19,Geographic,No Gender Data,Mark West,292.14599999999996,21,65,Demo
Mark West 2016 NW Campaign Week 7 Albertsons,2015-12-13,2015-12-19,Geographic,No Gender Data,Mark West,268.203,21,65,Demo
Mark West 2016 NW Campaign Week 7 QFC,2015-12-13,2015-12-19,Geographic,No Gender Data,Mark West,191.567,21,65,Demo
Mark West 2016 NW Campaign Week 6 Albertsons,2015-12-06,2015-12-12,Geographic,No Gender Data,Mark West,268.203,21,65,Demo
Mark West 2016 NW Campaign Week 6 FredMeyer,2015-12-06,2015-12-12,Geographic,No Gender Data,Mark West,292.14599999999996,21,65,Demo
Mark West 2016 NW Campaign Week 6 Safeway 1,2015-12-06,2015-12-12,Geographic,No Gender Data,Mark West,225.101,21,65,Demo
Mark West 2016 NW Campaign Week 6 Safeway 2,2015-12-06,2015-12-12,Geographic,No Gender Data,Mark West,134.1015,21,65,Demo
Mark West 2016 NW Campaign Week 6 QFC,2015-12-06,2015-12-12,Geographic,No Gender Data,Mark West,191.567,21,65,Demo
Mark West 2016 NW Campaign Week 5 FredMeyer,2015-11-29,2015-12-05,Geographic,No Gender Data,Mark West,292.14599999999996,21,65,Demo
Mark West 2016 NW Campaign Week 5 Safeway 1,2015-11-29,2015-12-05,Geographic,No Gender Data,Mark West,225.101,21,65,Demo
Mark West 2016 NW Campaign Week 5 Albertsons,2015-11-29,2015-12-05,Geographic,No Gender Data,Mark West,268.203,21,65,Demo
Mark West 2016 NW Campaign Week 5 Safeway 2,2015-11-29,2015-12-05,Geographic,No Gender Data,Mark West,134.08999999999997,21,65,Demo
Mark West 2016 NW Campaign Week 5 QFC,2015-11-29,2015-12-05,Geographic,No Gender Data,Mark West,191.55549999999997,21,65,Demo
Mark West 2016 NW Campaign Week 4 Albertsons,2015-11-22,2015-11-28,Geographic,No Gender Data,Mark West,268.203,21,65,Demo
Mark West 2016 NW Campaign Week 4 FredMeyer,2015-11-22,2015-11-28,Geographic,No Gender Data,Mark West,292.14599999999996,21,65,Demo
Mark West 2016 NW Campaign Week 4 Safeway 1,2015-11-22,2015-11-28,Geographic,No Gender Data,Mark West,225.101,21,65,Demo
Mark West 2016 NW Campaign Week 4 Safeway 2,2015-11-22,2015-11-28,Geographic,No Gender Data,Mark West,134.1015,21,65,Demo
Mark West 2016 NW Campaign Week 4 QFC,2015-11-22,2015-11-28,Geographic,No Gender Data,Mark West,191.567,21,65,Demo
Mark West 2016 NW Campaign Week 3 Safeway 2,2015-11-15,2015-11-21,Geographic,No Gender Data,Mark West,134.1015,21,65,Demo
Mark West 2016 NW Campaign Week 3 Safeway 1,2015-11-15,2015-11-21,Geographic,No Gender Data,Mark West,225.101,21,65,Demo
Mark West 2016 NW Campaign Week 3 QFC,2015-11-15,2015-11-21,Geographic,No Gender Data,Mark West,191.567,21,65,Demo
Mark West 2016 NW Campaign Week 3 FredMeyer,2015-11-15,2015-11-21,Geographic,No Gender Data,Mark West,292.14599999999996,21,65,Demo
Mark West 2016 NW Campaign Week 3 Albertsons,2015-11-15,2015-11-21,Geographic,No Gender Data,Mark West,268.203,21,65,Demo
Mark West 2016 NW Campaign Week 2 Safeway 2,2015-11-08,2015-11-14,Geographic,No Gender Data,Mark West,108.56,21,65,Demo
Mark West 2016 NW Campaign Week 2 Safeway 1,2015-11-08,2015-11-14,Geographic,No Gender Data,Mark West,184.35649999999998,21,65,Demo
Mark West 2016 NW Campaign Week 2 QFC,2015-11-08,2015-11-14,Geographic,No Gender Data,Mark West,156.98649999999998,21,65,Demo
Mark West 2016 NW Campaign Week 2 FredMeyer,2015-11-08,2015-11-14,Geographic,No Gender Data,Mark West,239.338,21,65,Demo
Mark West 2016 NW Campaign Week 2 Albertsons,2015-11-08,2015-11-14,Geographic,No Gender Data,Mark West,217.2695,21,65,Demo
Mark West 2016 NW Campaign Week 1 Safeway 2,2015-11-01,2015-11-07,Geographic,No Gender Data,Mark West,134.1015,21,65,Demo
Mark West 2016 NW Campaign Week 1 Safeway 1,2015-11-01,2015-11-07,Geographic,No Gender Data,Mark West,225.101,21,65,Demo
Mark West 2016 NW Campaign Week 1 QFC,2015-11-01,2015-11-07,Geographic,No Gender Data,Mark West,191.567,21,65,Demo
Mark West 2016 NW Campaign Week 1 Albertsons,2015-11-01,2015-11-07,Geographic,No Gender Data,Mark West,268.203,21,65,Demo
Mark West 2016 NW Campaign Week 1 FredMeyer,2015-11-01,2015-11-07,Geographic,No Gender Data,Mark West,292.14599999999996,21,65,Demo
Mark West 2016 Marinade Challenge Lookalike Mobile,2015-03-20,2015-04-28,National,No Gender Data,Mark West,4999.9585,21,65,Keyword
Mark West 2016 Marinade Challenge Lookalike Desktop,2015-03-20,2015-04-28,National,No Gender Data,Mark West,4999.8205,21,65,Keyword
Mark West 2016 Marinade Challenge Wine/Food Desktop,2015-03-04,2015-04-28,National,No Gender Data,Mark West,4999.9929999999995,21,65,Keyword
Mark West 2016 Marinade Challenge Wine/Food Mobile,2015-03-04,2015-04-28,National,No Gender Data,Mark West,4999.946999999999,21,65,Keyword
Mark West Mobile - Winter FY 2015 - Flight 2,2015-02-07,2015-02-28,Geographic,No Gender Data,Mark West,35116.469,21,65,Behavioral
Mark West Mobile - Winter FY 2015 - Reach/Frequency Stretch 2,2015-01-09,2015-02-06,National,No Gender Data,Mark West,97749.99999999999,21,65,Behavioral
Mark West Mobile - Winter FY 2015 - Reach/Frequency 3 Week Stretch,2014-11-26,2014-12-16,National,No Gender Data,Mark West,85100.0,21,65,Behavioral
Mark West Mobile - Winter FY 2015 - Flight 1,2014-11-18,2015-01-08,Geographic,No Gender Data,Mark West,82027.522,21,65,Behavioral
Mark West 2016 DLX NOV-DEC week 9,2015-12-27,2015-12-31,Geographic,No Gender Data,Mark West 2016 DL,44444.4295,21,65,Purchase
Mark West 2016 DLX NOV-DEC week 8,2015-12-20,2015-12-26,Geographic,No Gender Data,Mark West 2016 DL,44444.4295,21,65,Purchase
Mark West 2016 DLX NOV-DEC week 7,2015-12-13,2015-12-19,Geographic,No Gender Data,Mark West 2016 DL,44444.4295,21,65,Purchase
Mark West 2016 DLX NOV-DEC week 6,2015-12-06,2015-12-12,Geographic,No Gender Data,Mark West 2016 DL,44444.4295,21,65,Purchase
Mark West 2016 DLX NOV-DEC week 5,2015-11-29,2015-12-05,Geographic,No Gender Data,Mark West 2016 DL,44444.4295,21,65,Purchase
Mark West 2016 DLX NOV-DEC week 4,2015-11-22,2015-11-28,Geographic,No Gender Data,Mark West 2016 DL,44444.4295,21,65,Purchase
Mark West 2016 DLX NOV-DEC week 3,2015-11-15,2015-11-21,Geographic,No Gender Data,Mark West 2016 DL,44444.4295,21,65,Purchase
Mark West 2016 DLX NOV-DEC week 2,2015-11-08,2015-11-14,Geographic,No Gender Data,Mark West 2016 DL,44444.4295,21,65,Purchase
Mark West 2016 DLX NOV-DEC week 1,2015-11-01,2015-11-07,Geographic,No Gender Data,Mark West 2016 DL,44444.4295,21,65,Purchase
Mark West 2016 DLX Week 12 Static,2015-08-29,2015-09-04,Geographic,No Gender Data,Mark West 2016 DL,34722.214499999995,21,65,Purchase
Mark West 2016 DLX Week 12 Video,2015-08-29,2015-09-04,Geographic,No Gender Data,Mark West 2016 DL,34722.214499999995,21,65,Purchase
Mark West 2016 DLX Week 12 Combo,2015-08-29,2015-09-04,Geographic,No Gender Data,Mark West 2016 DL,34722.214499999995,21,65,Purchase
Mark West 2016 DLX Week 11 Combo,2015-08-22,2015-08-28,Geographic,No Gender Data,Mark West 2016 DL,34722.214499999995,21,65,Purchase
Mark West 2016 DLX Week 11 Static,2015-08-22,2015-08-28,Geographic,No Gender Data,Mark West 2016 DL,34722.214499999995,21,65,Purchase
Mark West 2016 DLX Week 11 Video,2015-08-22,2015-08-28,Geographic,No Gender Data,Mark West 2016 DL,34722.214499999995,21,65,Purchase
Mark West 2016 DLX Week 10 Combo,2015-08-15,2015-08-21,Geographic,No Gender Data,Mark West 2016 DL,34722.214499999995,21,65,Purchase
Mark West 2016 DLX Week 10 Static,2015-08-15,2015-08-21,Geographic,No Gender Data,Mark West 2016 DL,34722.214499999995,21,65,Purchase
Mark West 2016 DLX Week 10 Video,2015-08-15,2015-08-21,Geographic,No Gender Data,Mark West 2016 DL,34711.4045,21,65,Purchase
Mark West 2016 DLX Week 9 Static,2015-08-08,2015-08-14,Geographic,No Gender Data,Mark West 2016 DL,34722.214499999995,21,65,Purchase
Mark West 2016 DLX Week 9 Video,2015-08-08,2015-08-14,Geographic,No Gender Data,Mark West 2016 DL,34722.214499999995,21,65,Purchase
Mark West 2016 DLX Week 9 Combo,2015-08-08,2015-08-14,Geographic,No Gender Data,Mark West 2016 DL,34722.214499999995,21,65,Purchase
Mark West 2016 DLX Week 8 Video,2015-08-01,2015-08-07,Geographic,No Gender Data,Mark West 2016 DL,34717.453499999996,21,65,Purchase
Mark West 2016 DLX Week 8 Combo,2015-08-01,2015-08-07,Geographic,No Gender Data,Mark West 2016 DL,34722.214499999995,21,65,Purchase
Mark West 2016 DLX Week 8 Static,2015-08-01,2015-08-07,Geographic,No Gender Data,Mark West 2016 DL,34722.214499999995,21,65,Purchase
Mark West 2016 DLX Week 7 Static,2015-07-25,2015-07-31,Geographic,No Gender Data,Mark West 2016 DL,34722.214499999995,21,65,Purchase
Mark West 2016 DLX Week 6 Static,2015-07-18,2015-07-24,Geographic,No Gender Data,Mark West 2016 DL,34722.214499999995,21,65,Purchase
Mark West 2016 DLX Week 7 Video,2015-07-25,2015-07-31,Geographic,No Gender Data,Mark West 2016 DL,34722.214499999995,21,65,Purchase
Mark West 2016 DLX Week 6 Video,2015-07-18,2015-07-24,Geographic,No Gender Data,Mark West 2016 DL,34702.4575,21,65,Purchase
Mark West 2016 DLX Week 7 Combo,2015-07-25,2015-07-31,Geographic,No Gender Data,Mark West 2016 DL,34722.214499999995,21,65,Purchase
Mark West 2016 DLX Week 6 Combo,2015-07-18,2015-07-24,Geographic,No Gender Data,Mark West 2016 DL,34722.214499999995,21,65,Purchase
Mark West 2016 DLX Week 5 Combo,2015-07-11,2015-07-17,Geographic,No Gender Data,Mark West 2016 DL,34722.214499999995,21,65,Purchase
Mark West 2016 DLX Week 4 Combo,2015-07-04,2015-07-10,Geographic,No Gender Data,Mark West 2016 DL,34722.214499999995,21,65,Purchase
Mark West 2016 DLX Week 5 Static,2015-07-11,2015-07-17,Geographic,No Gender Data,Mark West 2016 DL,34722.214499999995,21,65,Purchase
Mark West 2016 DLX Week 4 Static,2015-07-04,2015-07-10,Geographic,No Gender Data,Mark West 2016 DL,34722.214499999995,21,65,Purchase
Mark West 2016 DLX Week 3 Static,2015-06-27,2015-07-03,Geographic,No Gender Data,Mark West 2016 DL,34722.214499999995,21,65,Purchase
Mark West 2016 DLX Week 5 Video,2015-07-11,2015-07-17,Geographic,No Gender Data,Mark West 2016 DL,34722.214499999995,21,65,Purchase
Mark West 2016 DLX Week 4 Video,2015-07-04,2015-07-10,Geographic,No Gender Data,Mark West 2016 DL,34722.214499999995,21,65,Purchase
Mark West 2016 DLX Week 3 Video,2015-06-27,2015-07-03,Geographic,No Gender Data,Mark West 2016 DL,34722.214499999995,21,65,Purchase
Mark West 2016 DLX Week 2 Video,2015-06-20,2015-06-26,Geographic,No Gender Data,Mark West 2016 DL,34722.214499999995,21,65,Purchase
Mark West 2016 DLX Week 3 Combo,2015-06-27,2015-07-03,Geographic,No Gender Data,Mark West 2016 DL,34722.214499999995,21,65,Purchase
Mark West 2016 DLX Week 2 Combo,2015-06-20,2015-06-26,Geographic,No Gender Data,Mark West 2016 DL,34722.214499999995,21,65,Purchase
Mark West 2016 DLX Week 1 Combo,2015-06-13,2015-06-19,Geographic,No Gender Data,Mark West 2016 DL,34722.214499999995,21,65,Purchase
Mark West 2016 DLX Week 1 Video,2015-06-13,2015-06-19,Geographic,No Gender Data,Mark West 2016 DL,34722.214499999995,21,65,Purchase
Mark West 2016 DLX Week 2 Static,2015-06-20,2015-06-26,Geographic,No Gender Data,Mark West 2016 DL,34722.214499999995,21,65,Purchase
Mark West 2016 DLX Week 1 Static,2015-06-13,2015-06-19,Geographic,No Gender Data,Mark West 2016 DL,34722.214499999995,21,65,Purchase
Mark West 2015 DLX July Flight 5,2014-07-17,2014-07-23,Geographic,No Gender Data,Mark West 201,29363.053499999998,21,65,Behavioral
Mark West 2015 DLX July Flight 4,2014-07-10,2014-07-16,Geographic,No Gender Data,Mark West 201,29834.542,21,65,Behavioral
Mark West 2015 DLX July Flight 3,2014-07-03,2014-07-09,Geographic,No Gender Data,Mark West 201,29898.045,21,65,Behavioral
Mark West 2015 DLX July Flight 2,2014-06-26,2014-07-02,Geographic,No Gender Data,Mark West 201,29295.697999999997,21,65,Behavioral
Mark West 2015 DLX July Flight 1,2014-06-20,2014-07-24,Geographic,No Gender Data,Mark West 201,31543.8445,21,65,Behavioral
Mark West 2015 DLX RHS F 62-63,2014-05-01,2014-05-30,Geographic,Female,Mark West 201,97.6695,62,63,Behavioral
Mark West 2015 DLX RHS F 64+,2014-05-01,2014-05-30,Geographic,Female,Mark West 201,167.3825,64,65,Behavioral
Mark West 2015 DLX RHS F 55-57,2014-05-01,2014-05-30,Geographic,Female,Mark West 201,167.53199999999998,55,57,Behavioral
Mark West 2015 DLX RHS F 58-61,2014-05-01,2014-05-30,Geographic,Female,Mark West 201,167.4975,58,61,Behavioral
Mark West 2015 DLX RHS F 45-48,2014-05-01,2014-05-30,Geographic,Female,Mark West 201,167.7275,45,48,Behavioral
Mark West 2015 DLX RHS F 49-51,2014-05-01,2014-05-30,Geographic,Female,Mark West 201,167.57799999999997,49,51,Behavioral
Mark West 2015 DLX RHS F 52-54,2014-05-01,2014-05-30,Geographic,Female,Mark West 201,167.5435,52,54,Behavioral
Mark West 2015 DLX RHS F 41-44,2014-05-01,2014-05-30,Geographic,Female,Mark West 201,167.76199999999997,41,44,Behavioral
Mark West 2015 DLX RHS Broad Test,2014-05-01,2014-05-30,No Targeting Information,No Gender Data,Mark West 201,1888.0814999999998,No Targeting,No Targeting,No Methodology
Mark West 2015 DLX RHS F 35-40,2014-05-01,2014-05-30,Geographic,Female,Mark West 201,167.9575,35,40,Behavioral
Mark West 2015 DLX RHS F 29-34,2014-05-01,2014-05-30,Geographic,Female,Mark West 201,168.2565,29,34,Behavioral
Mark West 2015 DLX RHS F 25-28,2014-05-01,2014-05-30,Geographic,Female,Mark West 201,167.93449999999999,25,28,Behavioral
Mark West 2015 DLX RHS M 35-42,2014-05-01,2014-05-30,Geographic,Male,Mark West 201,167.7045,35,42,Behavioral
Mark West 2015 DLX NF M 25-28,2014-05-01,2014-05-30,Geographic,Male,Mark West 201,4443.7495,25,28,Behavioral
Mark West 2015 DLX RHS M 29-34,2014-05-01,2014-05-30,Geographic,Male,Mark West 201,168.11849999999998,29,34,Behavioral
Mark West 2015 DLX RHS M 25-28,2014-05-01,2014-05-30,Geographic,Male,Mark West 201,168.22199999999998,25,28,Behavioral
Mark West 2015 DLX RHS M 21-24,2014-05-01,2014-05-30,Geographic,Male,Mark West 201,169.06149999999997,21,24,Behavioral
Mark West 2015 DLX NF Broad Test,2014-05-01,2014-05-31,No Targeting Information,No Gender Data,Mark West 201,75494.7055,No Targeting,No Targeting,No Methodology
Mark West 2015 DLX NF M 50-55,2014-05-01,2014-05-30,Geographic,Male,Mark West 201,2478.8134999999997,50,55,Behavioral
Mark West 2015 DLX NF M 29-34,2014-05-01,2014-05-30,Geographic,Male,Mark West 201,4257.599,29,34,Behavioral
Mark West 2015 DLX NF F 41-44,2014-05-01,2014-05-30,Geographic,Female,Mark West 201,4227.5265,41,44,Behavioral
Mark West 2015 DLX NF M 56-62,2014-05-01,2014-05-30,Geographic,Male,Mark West 201,1677.2979999999998,56,62,Behavioral
Mark West 2015 DLX NF M 43-49,2014-05-01,2014-05-30,Geographic,Male,Mark West 201,4157.641,43,49,Behavioral
Mark West 2015 DLX NF F 52-54,2014-05-01,2014-05-30,Geographic,Female,Mark West 201,1890.8874999999998,52,54,Behavioral
Mark West 2015 DLX NF F 35-40,2014-05-01,2014-05-30,Geographic,Female,Mark West 201,4244.098,35,40,Behavioral
Mark West 2015 DLX RHS M 43-49,2014-05-01,2014-05-30,Geographic,Male,Mark West 201,167.67,43,49,Behavioral
Mark West 2015 DLX RHS M 56-62,2014-05-01,2014-05-30,Geographic,Male,Mark West 201,167.2215,56,62,Behavioral
Mark West 2015 DLX NF M 63+,2014-05-01,2014-05-30,Geographic,Male,Mark West 201,1276.3965,63,65,Behavioral
Mark West 2015 DLX NF F 55-57,2014-05-01,2014-05-30,Geographic,Female,Mark West 201,1723.2404999999999,55,57,Behavioral
Mark West 2015 DLX NF F 45-48,2014-05-01,2014-05-30,Geographic,Female,Mark West 201,4084.2709999999997,45,48,Behavioral
Mark West 2015 DLX NF F 29-34,2014-05-01,2014-05-30,Geographic,Female,Mark West 201,4382.7305,29,34,Behavioral
Mark West 2015 DLX NF M 21-24,2014-05-01,2014-05-30,Geographic,Male,Mark West 201,4442.5419999999995,21,24,Behavioral
Mark West 2015 DLX NF M 35-42,2014-05-01,2014-05-30,Geographic,Male,Mark West 201,4254.195,35,42,Behavioral
Mark West 2015 DLX RHS M 50-55,2014-05-01,2014-05-30,Geographic,Male,Mark West 201,167.463,50,55,Behavioral
Mark West 2015 DLX NF F 49-51,2014-05-01,2014-05-30,Geographic,Female,Mark West 201,2421.5205,49,51,Behavioral
Mark West 2015 DLX NF F 25-28,2014-05-01,2014-05-30,Geographic,Female,Mark West 201,4439.391,25,28,Behavioral
Mark West 2015 DLX RHS M 63+,2014-05-01,2014-05-30,Geographic,Male,Mark West 201,167.29049999999998,63,65,Behavioral
Mark West 2015 DLX NF F 64+,2014-05-01,2014-05-30,Geographic,Female,Mark West 201,1344.58,64,65,Behavioral
Mark West 2015 DLX NF F 58-61,2014-05-01,2014-05-30,Geographic,Female,Mark West 201,1353.0095,58,61,Behavioral
Mark West 2015 DLX NF F 62-63,2014-05-01,2014-05-30,Geographic,Female,Mark West 201,400.4185,62,63,Behavioral
Mouton Cadet 2016 Target Partition 07,2015-05-01,2015-08-31,Geographic,No Gender Data,Mouton Cadet,663.504,21,65,Keyword
Mouton Cadet 2016 Target Partition 09,2015-05-01,2015-08-31,Geographic,No Gender Data,Mouton Cadet,521.3294999999999,21,65,Keyword
Mouton Cadet 2016 Target Partition 08,2015-05-01,2015-08-31,Geographic,No Gender Data,Mouton Cadet,473.938,21,65,Keyword
Mouton Cadet 2016 Target Partition 06,2015-05-01,2015-08-31,Geographic,No Gender Data,Mouton Cadet,710.8954999999999,21,65,Keyword
Mouton Cadet 2016 Target Partition 04,2015-05-01,2015-08-31,Geographic,No Gender Data,Mouton Cadet,473.938,21,65,Keyword
Mouton Cadet 2016 Target Partition 05,2015-05-01,2015-08-31,Geographic,No Gender Data,Mouton Cadet,450.2365,21,65,Keyword
Mouton Cadet 2016 Target Partition 02,2015-05-01,2015-08-31,Geographic,No Gender Data,Mouton Cadet,710.8954999999999,21,65,Keyword
Mouton Cadet 2016 Target Partition 03,2015-05-01,2015-08-31,Geographic,No Gender Data,Mouton Cadet,426.53499999999997,21,65,Keyword
Mouton Cadet 2016 Target Partition 01,2015-05-01,2015-08-31,Geographic,No Gender Data,Mouton Cadet,568.721,21,65,Keyword
Mouton Cadet 2016 sweepstakes RHS 1,2015-05-01,2015-08-31,National,No Gender Data,Mouton Cadet,13849.990499999998,21,65,Keyword
Mouton Cadet 2016 sweepstakes RHS 2 new york,2015-05-01,2015-08-31,Geographic,No Gender Data,Mouton Cadet,1150.0,21,65,Keyword
PopCrush 2016 RHS,2015-04-01,2015-05-31,National,No Gender Data,PopCrush,9999.9975,21,65,Keyword
Ravage 2016 Kroger interest 1,2015-07-15,2015-09-08,Geographic,No Gender Data,Ravage,849.6314999999998,21,65,Keyword
Ravage 2016 Kroger behavior 14,2015-07-15,2015-09-08,Geographic,No Gender Data,Ravage,389.44749999999993,21,65,Behavioral
Ravage 2016 Kroger behavior 12,2015-07-15,2015-09-08,Geographic,No Gender Data,Ravage,778.8489999999999,21,65,Behavioral
Ravage 2016 Kroger behavior 13,2015-07-15,2015-09-08,Geographic,No Gender Data,Ravage,693.8639999999999,21,65,Behavioral
Ravage 2016 Kroger behavior 11,2015-07-15,2015-09-08,Geographic,No Gender Data,Ravage,1132.7959999999998,21,65,Behavioral
Ravage 2016 Kroger behavior 10,2015-07-15,2015-09-08,Geographic,No Gender Data,Ravage,991.1505,21,65,Behavioral
Ravage 2016 Kroger behavior 9,2015-07-15,2015-09-08,Geographic,No Gender Data,Ravage,438.9435,21,65,Behavioral
Ravage 2016 Kroger behavior 8,2015-07-15,2015-09-08,Geographic,No Gender Data,Ravage,332.79849999999993,21,65,Behavioral
Ravage 2016 Kroger behavior 7,2015-07-15,2015-09-08,Geographic,No Gender Data,Ravage,545.215,21,65,Behavioral
Ravage 2016 Kroger behavior 6,2015-07-15,2015-09-08,Geographic,No Gender Data,Ravage,453.18049999999994,21,65,Behavioral
Ravage 2016 Kroger behavior 5,2015-07-15,2015-09-08,Geographic,No Gender Data,Ravage,481.41299999999995,21,65,Behavioral
Ravage 2016 Kroger behavior 4,2015-07-15,2015-09-08,Geographic,No Gender Data,Ravage,1699.309,21,65,Behavioral
Ravage 2016 Kroger behavior 3,2015-07-15,2015-09-08,Geographic,No Gender Data,Ravage,1840.9889999999998,21,65,Behavioral
Ravage 2016 Kroger behavior 2,2015-07-15,2015-09-08,Geographic,No Gender Data,Ravage,1628.4344999999998,21,65,Behavioral
Ravage 2016 Kroger behavior 1,2015-07-15,2015-09-08,Geographic,No Gender Data,Ravage,1486.8004999999998,21,65,Behavioral
Ravage 2016 Kroger interest 14,2015-07-15,2015-09-08,Geographic,No Gender Data,Ravage,276.06899999999996,21,65,Keyword
Ravage 2016 Kroger interest 13,2015-07-15,2015-09-08,Geographic,No Gender Data,Ravage,375.25649999999996,21,65,Keyword
Ravage 2016 Kroger interest 12,2015-07-15,2015-09-08,Geographic,No Gender Data,Ravage,346.794,21,65,Keyword
Ravage 2016 Kroger interest 11,2015-07-15,2015-09-08,Geographic,No Gender Data,Ravage,361.0655,21,65,Keyword
Ravage 2016 Kroger interest 10,2015-07-15,2015-09-08,Geographic,No Gender Data,Ravage,325.69149999999996,21,65,Keyword
Ravage 2016 Kroger interest 9,2015-07-15,2015-09-08,Geographic,No Gender Data,Ravage,304.428,21,65,Keyword
Ravage 2016 Kroger interest 8,2015-07-15,2015-09-08,Geographic,No Gender Data,Ravage,311.51199999999994,21,65,Keyword
Ravage 2016 Kroger interest 7,2015-07-15,2015-09-08,Geographic,No Gender Data,Ravage,254.863,21,65,Keyword
Ravage 2016 Kroger interest 6,2015-07-15,2015-09-08,Geographic,No Gender Data,Ravage,354.0505,21,65,Keyword
Ravage 2016 Kroger interest 5,2015-07-15,2015-09-08,Geographic,No Gender Data,Ravage,368.22999999999996,21,65,Keyword
Ravage 2016 Kroger interest 4,2015-07-15,2015-09-08,Geographic,No Gender Data,Ravage,991.2655,21,65,Keyword
Ravage 2016 Kroger interest 3,2015-07-15,2015-09-08,Geographic,No Gender Data,Ravage,1061.9444999999998,21,65,Keyword
Ravage 2016 Kroger interest 2,2015-07-15,2015-09-08,Geographic,No Gender Data,Ravage,920.4485,21,65,Keyword
Rex Goliath 2016 Superbowl National looka-a-like,2015-09-11,2015-09-30,National,No Gender Data,Rex Goliath,4424.9929999999995,21,65,Keyword
Rex Goliath 2016 Superbowl National fans,2015-09-11,2015-09-30,National,No Gender Data,Rex Goliath,575.0,21,65,Keyword
Rex Goliath 2016 Superbowl Regional fans,2015-09-11,2015-09-30,Geographic,No Gender Data,Rex Goliath,575.0,21,65,Keyword
Rex Goliath 2016 Superbowl Regional interests,2015-09-11,2015-09-30,Geographic,No Gender Data,Rex Goliath,8274.9975,21,65,Keyword
Rex Goliath 2016 Superbowl Regional wine purchaser,2015-09-11,2015-09-30,Geographic,No Gender Data,Rex Goliath,1150.0,21,65,Behavioral
Rex Goliath 2016 Shopmium Key Accounts 1 Walmart (1),2015-08-27,2015-09-20,Geographic,No Gender Data,Rex Goliath,690.0,21,65,Keyword
Rex Goliath 2016 Shopmium Key Accounts 1 Target (1),2015-08-27,2015-09-20,Geographic,No Gender Data,Rex Goliath,690.0,21,65,Keyword
Rex Goliath 2016 Shopmium Key Accounts 1 Kroger (1),2015-08-27,2015-09-20,Geographic,No Gender Data,Rex Goliath,345.0,21,65,Keyword
Rex Goliath 2016 Shopmium Key Accounts 1 Food Lion (1),2015-08-27,2015-09-20,Geographic,No Gender Data,Rex Goliath,345.0,21,65,Keyword
Rex Goliath 2016 Shopmium Key Accounts 1 Hannaford (1),2015-08-27,2015-09-20,Geographic,No Gender Data,Rex Goliath,229.99999999999997,21,65,Keyword
Rex Goliath 2016 Shopmium Key Accounts 1 Walmart,2015-08-21,2015-08-24,Geographic,No Gender Data,Rex Goliath,229.99999999999997,21,65,Keyword
Rex Goliath 2016 Shopmium Key Accounts 1 Target,2015-08-21,2015-08-24,Geographic,No Gender Data,Rex Goliath,229.99999999999997,21,65,Keyword
Rex Goliath 2016 Shopmium Key Accounts 1 Kroger,2015-08-21,2015-08-24,Geographic,No Gender Data,Rex Goliath,114.99999999999999,21,65,Keyword
Rex Goliath 2016 Shopmium Key Accounts 1 Hannaford,2015-08-21,2015-08-24,Geographic,No Gender Data,Rex Goliath,57.49999999999999,21,65,Keyword
Rex Goliath 2016 Shopmium Key Accounts 1 Food Lion,2015-08-21,2015-08-24,Geographic,No Gender Data,Rex Goliath,114.99999999999999,21,65,Keyword
test 3/6,2015-08-17,Date Not Available,Geographic,No Gender Data,test 3/6,Spend Not Available,21,65,Demo
test 5/6,2015-08-17,Date Not Available,Geographic,No Gender Data,test 5/6,Spend Not Available,21,65,Demo
test 1/6,2015-08-17,Date Not Available,Geographic,No Gender Data,test 1/6,Spend Not Available,21,65,Demo
test 2/6,2015-08-17,Date Not Available,Geographic,No Gender Data,test 2/6,Spend Not Available,21,65,Demo
test 4/6,2015-08-17,Date Not Available,Geographic,No Gender Data,test 4/6,Spend Not Available,21,65,Demo
test 6/6,2015-08-17,Date Not Available,Geographic,No Gender Data,test 6/6,Spend Not Available,21,65,Demo
Rex Goliath 2016 Shopmium mobile program,2015-07-23,2015-09-20,National,No Gender Data,Rex Goliath,484.77099999999996,21,65,Keyword
Rex Goliath 2016 Shopmium,2015-07-20,2015-09-03,Geographic,No Gender Data,Rex Goliath,6466.219999999999,21,65,Keyword
Rex Goliath 2015 Like unsubcribed-lookalike,2015-02-13,2015-02-28,National,No Gender Data,Rex Goliath,2999.9935,21,65,Keyword
Rex Goliath 2015 Like unsubcribed,2015-02-13,2015-02-28,National,No Gender Data,Rex Goliath,132.618,21,65,Keyword
Rex Goliath 2015 Like subscribers-lookalike,2015-02-13,2015-02-28,National,No Gender Data,Rex Goliath,3425.229,21,65,Keyword
Rex Goliath 2015 Like never subscibed-lookalike,2015-02-13,2015-02-28,National,No Gender Data,Rex Goliath,2999.9935,21,65,Keyword
Rex Goliath 2015 Like never subscibed,2015-02-13,2015-02-28,National,No Gender Data,Rex Goliath,109.14649999999999,21,65,Keyword
Rex Goliath 2015 Like subscribers,2015-02-13,2015-02-28,National,No Gender Data,Rex Goliath,259.52049999999997,21,65,Keyword
Rex Goliath Walgreens February Newsfeed,2015-02-05,2015-02-28,National,No Gender Data,Rex Goliath,456.4695,21,65,Keyword
Rex Goliath Walgreens February Righthand,2015-02-05,2015-02-28,National,No Gender Data,Rex Goliath,341.4695,21,65,Keyword
Rex Goliath Super Bowl Mobile,2015-01-09,2015-01-31,National,No Gender Data,Rex Goliath,24999.999499999998,21,65,Keyword
Rex Goliath Walgreens JANUARY,2015-01-06,2015-01-31,National,No Gender Data,Rex Goliath,855.3469999999999,21,65,Keyword
Robert Mondavi Private Selection Bar Cart Sweepstakes,2015-05-01,2015-06-30,Geographic,No Gender Data,Robe,2999.9935,21,65,Keyword
RMW Holiday social Campaign 4 competitors' fans,2015-12-16,2015-12-18,Geographic,No Gender Data,RMW Holiday social Ca,459.99999999999994,21,65,Keyword
RMW Holiday social Campaign 4 fans,2015-12-16,2015-12-18,Geographic,No Gender Data,RMW Holiday social Ca,114.99999999999999,27,50,Keyword
RMW Holiday social Campaign 3 competitors' fans,2015-12-16,2015-12-18,Geographic,No Gender Data,RMW Holiday social Ca,459.99999999999994,21,65,Keyword
RMW Holiday social Campaign 3 fans,2015-12-16,2015-12-18,Geographic,No Gender Data,RMW Holiday social Ca,114.6895,27,50,Keyword
RMW Holiday social Campaign 2 competitors' fans,2015-12-11,2015-12-14,National,No Gender Data,RMW Holiday social Ca,1030.5955,27,50,Keyword
RMW Holiday social Campaign 1 fans,2015-12-04,2015-12-14,National,No Gender Data,RMW Holiday social Ca,342.25149999999996,27,50,Keyword
RMW Holiday social Campaign 1 fof,2015-12-04,2015-12-14,National,No Gender Data,RMW Holiday social Ca,851.9775,21,65,Keyword
RMW Holiday social Campaign 2 competitors' fans,2015-12-04,2015-12-14,National,No Gender Data,RMW Holiday social Ca,25.5875,27,50,Keyword
RMW Holiday social Campaign 4 competitors' fans,2015-12-16,2015-12-18,Geographic,No Gender Data,RMW Holiday so,459.99999999999994,21,65,Keyword
RMW Holiday social Campaign 4 fans,2015-12-16,2015-12-18,Geographic,No Gender Data,RMW Holiday so,114.99999999999999,27,50,Keyword
RMW Holiday social Campaign 3 competitors' fans,2015-12-16,2015-12-18,Geographic,No Gender Data,RMW Holiday so,459.99999999999994,21,65,Keyword
RMW Holiday social Campaign 3 fans,2015-12-16,2015-12-18,Geographic,No Gender Data,RMW Holiday so,114.6895,27,50,Keyword
RMW Holiday social Campaign 2 competitors' fans,2015-12-11,2015-12-14,National,No Gender Data,RMW Holiday so,1030.5955,27,50,Keyword
RMW Holiday social Campaign 1 fans,2015-12-04,2015-12-14,National,No Gender Data,RMW Holiday so,342.25149999999996,27,50,Keyword
RMW Holiday social Campaign 1 fof,2015-12-04,2015-12-14,National,No Gender Data,RMW Holiday so,851.9775,21,65,Keyword
RMW Holiday social Campaign 2 competitors' fans,2015-12-04,2015-12-14,National,No Gender Data,RMW Holiday so,25.5875,27,50,Keyword
Rosatello Product Launch week #12,2015-05-21,2015-05-27,Geographic,No Gender Data,Rosatello,18749.990999999998,21,65,Demo
Rosatello Product Launch week #12 interest,2015-05-21,2015-05-27,National,No Gender Data,Rosatello,12499.993999999999,21,65,Keyword
Rosatello Product Launch week #11,2015-05-15,2015-05-20,Geographic,No Gender Data,Rosatello,16745.5755,21,65,Demo
Rosatello Product Launch week #11 interest,2015-05-15,2015-05-20,National,No Gender Data,Rosatello,11718.523,21,65,Keyword
Rosatello 2016 Marc Anthony Sweepstakes week 6,2015-05-20,2015-05-31,Geographic,No Gender Data,Rosatello,2499.9964999999997,21,65,Keyword
Rosatello 2016 Marc Anthony Sweepstakes week 4,2015-05-06,2015-05-12,Geographic,No Gender Data,Rosatello,2499.9964999999997,21,65,Keyword
Rosatello 2016 Marc Anthony Sweepstakes week 5,2015-05-13,2015-05-19,Geographic,No Gender Data,Rosatello,2499.9964999999997,21,65,Keyword
Rosatello 2016 Marc Anthony Sweepstakes week 3,2015-04-29,2015-05-05,Geographic,No Gender Data,Rosatello,2499.5249999999996,21,65,Keyword
Rosatello 2016 Marc Anthony Sweepstakes week 1,2015-04-15,2015-04-21,Geographic,No Gender Data,Rosatello,2499.87,21,65,Keyword
Rosatello 2016 Marc Anthony Sweepstakes week 2,2015-04-22,2015-04-28,Geographic,No Gender Data,Rosatello,2499.9964999999997,21,65,Keyword
Rosatello Product Launch week #11 interest paused,2015-05-14,2015-05-20,National,No Gender Data,Rosatello,883.3264999999999,21,65,Keyword
Rosatello Product Launch week #11 paused,2015-05-14,2015-05-20,National,No Gender Data,Rosatello,2005.2549999999999,21,65,Demo
Rosatello Product Launch week #10 interest,2015-05-07,2015-05-13,National,No Gender Data,Rosatello,12499.993999999999,21,65,Keyword
Rosatello Product Launch week #9 interest,2015-04-30,2015-05-06,National,No Gender Data,Rosatello,12499.993999999999,21,65,Keyword
Rosatello Product Launch week #8 interst,2015-04-23,2015-04-29,National,No Gender Data,Rosatello,12499.993999999999,21,65,Keyword
Rosatello Product Launch week #7 interest,2015-04-16,2015-04-22,National,No Gender Data,Rosatello,12499.993999999999,21,65,Keyword
Rosatello Product Launch week #6 interest,2015-04-09,2015-04-15,National,No Gender Data,Rosatello,12499.993999999999,21,65,Keyword
Rosatello Product Launch week #5 interest,2015-04-02,2015-04-08,National,No Gender Data,Rosatello,12336.233999999999,21,65,Keyword
Rosatello Product Launch week #10,2015-05-07,2015-05-13,National,No Gender Data,Rosatello,18749.990999999998,21,65,Demo
Rosatello Product Launch week #9,2015-04-30,2015-05-06,National,No Gender Data,Rosatello,18749.990999999998,21,65,Demo
Rosatello Product Launch week #8,2015-04-23,2015-04-29,National,No Gender Data,Rosatello,18749.990999999998,21,65,Demo
Rosatello Product Launch week #7,2015-04-16,2015-04-22,National,No Gender Data,Rosatello,18749.990999999998,21,65,Demo
Rosatello Product Launch week #6,2015-04-09,2015-04-15,National,No Gender Data,Rosatello,18749.990999999998,21,65,Demo
Rosatello Product Launch week #5,2015-04-02,2015-04-08,National,No Gender Data,Rosatello,18749.990999999998,21,65,Demo
Rosatello Product Launch week #4,2015-03-26,2015-04-01,National,No Gender Data,Rosatello,31249.996499999997,21,65,Demo
Rosatello Product Launch week #3,2015-03-19,2015-03-25,National,No Gender Data,Rosatello,31249.996499999997,21,65,Demo
Rosatello Product Launch week #2,2015-03-12,2015-03-18,National,No Gender Data,Rosatello,31249.996499999997,21,65,Demo
Rosatello Product Launch week #1,2015-03-05,2015-03-11,National,No Gender Data,Rosatello,31249.996499999997,21,65,Demo
Ruffino Publix Campaign 5,2015-12-16,2015-12-31,Geographic,No Gender Data,Ruffino,3245.162,21,65,Keyword
Ruffino Publix Campaign 4,2015-12-01,2015-12-15,Geographic,No Gender Data,Ruffino,3244.6099999999997,21,65,Keyword
Ruffino Publix Campaign 3,2015-11-16,2015-11-30,Geographic,No Gender Data,Ruffino,3245.2999999999997,21,65,Keyword
Ruffino Publix Campaign 2 BA,2015-11-08,2015-11-15,Geographic,No Gender Data,Ruffino,763.7955,21,65,Keyword
Ruffino Publix Campaign 2,2015-11-01,2015-11-08,Geographic,No Gender Data,Ruffino,1499.9909999999998,21,65,Keyword
Ruffino Publix Campaign 1,2015-10-17,2015-10-31,Geographic,No Gender Data,Ruffino,2999.9935,21,65,Keyword
Ruffino Canada Oct Ontario 2,2015-10-24,2015-11-04,Geographic,No Gender Data,Ruffino,3667.787,35,54,Keyword
Ruffino Canada Oct Ontario 1,2015-10-11,2015-10-23,Geographic,No Gender Data,Ruffino,3876.6154999999994,35,54,Keyword
Ruffino LIKE Ontario Only,2015-03-10,2015-04-30,Geographic,No Gender Data,Ruffino,5999.9985,21,65,Keyword
Tom Gore Fall Incremental NOV,2015-11-01,2015-11-30,Geographic,No Gender Data,Tom Gore,49979.621,21,65,Keyword
Tom Gore 2016 Local Images Sept 2,2015-09-16,2015-09-30,National,No Gender Data,Tom Gore,124.913,21,65,Keyword
Tom Gore 2016 Local Images Sept 1,2015-09-16,2015-09-30,National,No Gender Data,Tom Gore,124.752,21,65,Keyword
Tom Gore 2016 Local Images Aug 1,2015-08-16,2015-08-31,National,No Gender Data,Tom Gore,125.005,21,65,Keyword
Tom Gore 2016 Local Images Aug 2,2015-08-16,2015-08-31,National,No Gender Data,Tom Gore,124.99349999999998,21,65,Keyword
Tom Gore 2016  Local video August behavior,2015-08-01,2015-08-15,Geographic,No Gender Data,Tom Gore,499.99699999999996,21,65,Behavioral
Tom Gore 2016 Local video August interest,2015-08-01,2015-08-15,Geographic,No Gender Data,Tom Gore,1750.001,21,65,Keyword
Tom Gore 2016 Local video Sept interest,2015-09-01,2015-09-15,Geographic,No Gender Data,Tom Gore,1750.001,21,65,Keyword
Tom Gore 2016  Local video Sept behavior,2015-09-01,2015-09-15,Geographic,No Gender Data,Tom Gore,499.99699999999996,21,65,Behavioral
Tom Gore 2016 Brand Awareness videos interest july,2015-07-01,2015-07-15,National,No Gender Data,Tom Gore,18349.1585,21,65,Keyword
Tom Gore 2016 Brand Awareness videos interest june,2015-06-01,2015-06-15,National,No Gender Data,Tom Gore,18349.1585,21,65,Keyword
Tom Gore 2016 Brand Awareness videos behavior June,2015-06-01,2015-06-15,National,No Gender Data,Tom Gore,9174.5505,21,65,Behavioral
Tom Gore 2016 Brand Awareness videos behavior July,2015-07-01,2015-07-15,National,No Gender Data,Tom Gore,9174.5505,21,65,Behavioral
Tom Gore 2016 Brand Awareness videos behavior april-may,2015-04-01,2015-05-15,National,No Gender Data,Tom Gore,10397.702,21,65,Behavioral
Tom Gore 2016 Brand Awareness videos interest april-may,2015-04-01,2015-05-15,National,No Gender Data,Tom Gore,24554.869,21,65,Keyword
Tom Gore 2016 Brand Awareness July 1,2015-07-16,2015-07-31,National,No Gender Data,Tom Gore,1249.9925,21,65,Keyword
Tom Gore 2016 Brand Awareness June 1,2015-06-16,2015-06-30,National,No Gender Data,Tom Gore,1249.9925,21,65,Keyword
Tom Gore 2016 Brand Awareness May 2,2015-05-01,2015-05-31,National,No Gender Data,Tom Gore,1249.9925,21,65,Keyword
Tom Gore 2016 Brand Awareness April 2,2015-04-15,2015-04-30,National,No Gender Data,Tom Gore,1249.9925,21,65,Keyword
Tom Gore 2016 Brand Awareness July 2,2015-07-16,2015-07-31,National,No Gender Data,Tom Gore,1249.9925,21,65,Keyword
Tom Gore 2016 Brand Awareness June 2,2015-06-16,2015-06-30,National,No Gender Data,Tom Gore,1249.9925,21,65,Keyword
Tom Gore 2016 Brand Awareness May 1,2015-05-01,2015-05-31,National,No Gender Data,Tom Gore,1249.9925,21,65,Keyword
Tom Gore 2016 Brand Awareness April 1,2015-04-01,2015-04-30,National,No Gender Data,Tom Gore,1249.9925,21,65,Keyword
Tom Gore Like Campaign,2015-04-01,2015-07-31,National,No Gender Data,Tom Gore,9999.9975,21,65,Keyword
Wine Social February Video MOBILE,2015-02-25,2015-02-28,National,No Gender Data,Wine Social February Video MO,200.376,25,65,Keyword
Wine Social February Quiz MOBILE,2015-02-25,2015-02-28,National,No Gender Data,Wine Social February Quiz MOB,279.013,21,65,Keyword
Wine Social February Quiz DESKTOP,2015-02-10,2015-02-28,National,No Gender Data,Wine Social February Quiz DES,4280.3575,21,65,Keyword
Wine Social February Video DESKTOP,2015-02-10,2015-02-28,National,No Gender Data,Wine Social February Video DE,487.31249999999994,25,65,Keyword
Wine Social February Video MOBILE,2015-02-10,2015-02-28,National,No Gender Data,Wine Social February Video MO,89274.89099999999,25,65,Keyword
Wine Social February Quiz MOBILE,2015-02-10,2015-02-28,National,No Gender Data,Wine Social February Quiz MOB,85481.84599999999,21,65,Keyword
Woodbridge Butterball Video Audience 6,2015-12-03,2015-12-14,Geographic,No Gender Data,Woodbridge,833.3245,21,65,Keyword
Woodbridge Butterball Video Audience 2,2015-12-03,2015-12-14,Geographic,No Gender Data,Woodbridge,833.1635,21,65,Keyword
Woodbridge Butterball Video Audience 1,2015-12-03,2015-12-14,Geographic,No Gender Data,Woodbridge,833.3245,21,65,Keyword
Woodbridge Butterball Video Audience 5,2015-12-03,2015-12-14,Geographic,No Gender Data,Woodbridge,833.3245,21,65,Keyword
Woodbridge Butterball Video Audience 4,2015-12-03,2015-12-14,Geographic,No Gender Data,Woodbridge,833.3245,21,65,Keyword
Woodbridge Butterball Video Audience 3,2015-12-03,2015-12-14,Geographic,No Gender Data,Woodbridge,833.3245,21,65,Keyword
Woodbridge 2016 Summer Block Party Sweepstake Lookalike Fans,2015-06-23,2015-07-07,National,No Gender Data,Woodbridge,649.313,21,65,Keyword
Woodbridge 2016 Summer Block Party Sweepstake Custom Audience,2015-06-23,2015-07-07,National,No Gender Data,Woodbridge,271.44599999999997,21,65,Keyword
Woodbridge 2016 Summer Block Party Sweepstake re-targeting,2015-05-25,2015-07-07,National,No Gender Data,Woodbridge,Spend Not Available,21,65,Keyword
Woodbridge 2016 Summer Block Party Sweepstake fof,2015-05-15,2015-07-07,National,No Gender Data,Woodbridge,867.5369999999999,21,65,Keyword
Woodbridge 2016 Summer Block Party Sweepstake fans,2015-05-15,2015-07-07,National,No Gender Data,Woodbridge,85.1,21,65,Keyword
Woodbridge 2016 Summer Block Party Sweepstake wine,2015-05-15,2015-07-07,National,No Gender Data,Woodbridge,1075.3075,21,65,Keyword
Woodbridge 2016 Summer Block Party Sweepstake Link ads Re-targeting,2015-05-26,2015-07-07,National,No Gender Data,Woodbridge,3079.4354999999996,21,65,Keyword
Woodbridge 2016 Summer Block Party Sweepstake Link ads fans,2015-05-12,2015-07-07,National,No Gender Data,Woodbridge,1422.9409999999998,21,65,Keyword
Woodbridge 2016 Summer Block Party Sweepstake Link ads wine,2015-05-12,2015-07-07,National,No Gender Data,Woodbridge,16742.274999999998,21,65,Keyword
Woodbridge 2016 Summer Block Party Sweepstake Link ads fof,2015-05-12,2015-07-07,National,No Gender Data,Woodbridge,5307.629499999999,21,65,Keyword
Woodbridge 2016 Summer Block Party Sweepstake Re-targeting,2015-05-26,2015-07-07,National,No Gender Data,Woodbridge,Spend Not Available,21,65,Keyword
Woodbridge 2016 Summer Block Party Sweepstake wine,2015-05-12,2015-07-07,National,No Gender Data,Woodbridge,228.045,21,65,Keyword
Woodbridge 2016 Summer Block Party Sweepstake fan,2015-05-12,2015-07-07,National,No Gender Data,Woodbridge,21.229,21,65,Keyword
Woodbridge 2016 Summer Block Party Sweepstake fof,2015-05-12,2015-07-07,National,No Gender Data,Woodbridge,250.58499999999998,21,65,Keyword
Woodbridge Walmart Sweeps Conversion interest+wine or Entertaining behavior,2015-04-01,2015-05-31,Geographic,No Gender Data,Woodbridge,325.77199999999993,21,65,Keyword
Woodbridge Walmart Sweeps Conversion interest+wine behavior,2015-04-01,2015-05-31,Geographic,No Gender Data,Woodbridge,331.65999999999997,21,65,Keyword
Woodbridge Walmart Sweeps Conversion interest,2015-04-01,2015-05-31,Geographic,No Gender Data,Woodbridge,4311.166,21,65,Keyword
Woodbridge Walmart Sweeps interest+wine behavior,2015-04-01,2015-05-31,Geographic,No Gender Data,Woodbridge,10.476499999999998,21,65,Keyword
Woodbridge Walmart Sweeps interest+wine or Entertaining behavior,2015-04-01,2015-05-31,Geographic,No Gender Data,Woodbridge,10.453499999999998,21,65,Keyword
Woodbridge Walmart Sweeps interest,2015-04-01,2015-05-31,Geographic,No Gender Data,Woodbridge,10.533999999999999,21,65,Keyword
Woodbridge 2016 Coupon Download,2015-04-01,2015-04-30,Geographic,No Gender Data,Woodbridge,Spend Not Available,21,65,Demo
Woodbridge 2016 Walmart Outdoor giveaway walmart,2015-04-01,2015-05-11,Geographic,No Gender Data,Woodbridge,Spend Not Available,21,65,Keyword
Woodbridge 2016 Walmart Outdoor giveaway behaviors,2015-04-01,2015-05-11,Geographic,No Gender Data,Woodbridge,Spend Not Available,21,65,Behavioral
Woodbridge 2016 Walmart Outdoor giveaway Fans,2015-04-01,2015-05-11,Geographic,No Gender Data,Woodbridge,Spend Not Available,21,65,Keyword
Competitors - All,2015-02-06,2015-02-09,National,No Gender Data,Competitor,17615.941499999997,21,65,Keyword
Woodbridge Walgreens February Righthand,2015-02-05,2015-02-28,National,No Gender Data,Woodbridge,341.4695,21,65,Keyword
Woodbridge Walgreens February Newsfeed,2015-02-05,2015-02-28,National,No Gender Data,Woodbridge,456.4695,21,65,Keyword
Woodbridge Walgreens JANUARY RIGHTHAND,2015-01-06,2015-01-31,National,No Gender Data,Woodbridge,434.5849999999999,21,65,Keyword
Woodbridge Walgreens JANUARY NEWSFEED,2015-01-06,2015-01-31,National,No Gender Data,Woodbridge,438.24199999999996,21,65,Keyword
Woodbridge Holiday 2015 Facebook TV AMC Interests,2014-12-30,2015-01-01,National,No Gender Data,Woodbridge,270.4915,21,55,Keyword
Woodbridge Holiday 2015 Facebook TV TLC,2014-12-30,2015-01-01,National,No Gender Data,Woodbridge,373.9915,21,55,Keyword
Woodbridge Holiday 2015 Facebook TV Food Network,2014-12-30,2015-01-01,National,No Gender Data,Woodbridge,405.7315,21,55,Keyword
Woodbridge Holiday 2015 Facebook TV Lifetime,2014-12-30,2015-01-01,National,No Gender Data,Woodbridge,270.4915,21,55,Keyword
Woodbridge Holiday 2015 Facebook TV Bravo,2014-12-30,2015-01-01,National,No Gender Data,Woodbridge,676.223,21,55,Keyword
Woodbridge Holiday 2015 Facebook TV Travel Channel,2014-12-30,2015-01-01,National,No Gender Data,Woodbridge,946.703,21,55,Keyword
Woodbridge Holiday 2015 Facebook TV E! Network,2014-12-30,2015-01-01,National,No Gender Data,Woodbridge,676.223,21,55,Keyword
Woodbridge Holiday 2015 Facebook TV HGTV Interests,2014-12-30,2015-01-01,National,No Gender Data,Woodbridge,270.4915,21,55,Keyword
Woodbridge Holiday 2015 Facebook TV TLC,2014-12-22,2014-12-24,National,No Gender Data,Woodbridge,736.0,21,55,Keyword
Woodbridge Holiday 2015 Facebook TV Lifetime,2014-12-22,2014-12-24,National,No Gender Data,Woodbridge,276.0,21,55,Keyword
Woodbridge Holiday 2015 Facebook TV Travel Channel,2014-12-22,2014-12-24,National,No Gender Data,Woodbridge,459.99999999999994,21,55,Keyword
Woodbridge Holiday 2015 Facebook TV E! Network,2014-12-22,2014-12-24,National,No Gender Data,Woodbridge,827.9999999999999,21,55,Keyword
Woodbridge Holiday 2015 Facebook TV Bravo,2014-12-22,2014-12-24,National,No Gender Data,Woodbridge,552.0,21,55,Keyword
Woodbridge Holiday 2015 Facebook TV HGTV Interests,2014-12-22,2014-12-24,National,No Gender Data,Woodbridge,368.0,21,55,Keyword
Woodbridge Holiday 2015 Facebook TV AMC Interests,2014-12-22,2014-12-24,National,No Gender Data,Woodbridge,0.0115,21,55,Keyword
Woodbridge Holiday 2015 Facebook TV Food Network,2014-12-22,2014-12-24,National,No Gender Data,Woodbridge,276.0,21,55,Keyword
Woodbridge Holiday 2015 Facebook TV Travel Channel,2014-12-18,2014-12-22,National,No Gender Data,Woodbridge,459.99999999999994,21,55,Keyword
Woodbridge Holiday 2015 Facebook TV Lifetime,2014-12-18,2014-12-22,National,No Gender Data,Woodbridge,229.99999999999997,21,55,Keyword
Woodbridge Holiday 2015 Facebook TV TLC,2014-12-18,2014-12-22,National,No Gender Data,Woodbridge,345.0,21,55,Keyword
Woodbridge Holiday 2015 Facebook TV Bravo,2014-12-17,2014-12-22,National,No Gender Data,Woodbridge,919.9999999999999,21,55,Keyword
Woodbridge Holiday 2015 Facebook TV E! Network,2014-12-18,2014-12-22,National,No Gender Data,Woodbridge,1035.0,21,55,Keyword
Woodbridge Holiday 2015 Facebook TV AMC Interests,2014-12-18,2014-12-22,National,No Gender Data,Woodbridge,919.9999999999999,21,55,Keyword
Woodbridge Holiday 2015 Facebook TV HGTV Interests,2014-12-18,2014-12-22,National,No Gender Data,Woodbridge,575.0,21,55,Keyword
Woodbridge Holiday 2015 Facebook TV Food Network,2014-12-18,2014-12-22,National,No Gender Data,Woodbridge,459.99999999999994,21,55,Keyword
Woodbridge Holiday 2015 Facebook TV TLC,2014-12-15,2014-12-18,National,No Gender Data,Woodbridge,276.0,21,55,Keyword
Woodbridge Holiday 2015 Facebook TV Lifetime,2014-12-15,2014-12-18,National,No Gender Data,Woodbridge,Spend Not Available,21,55,Keyword
Woodbridge Holiday 2015 Facebook TV Travel Channel,2014-12-15,2014-12-18,National,No Gender Data,Woodbridge,459.99999999999994,21,55,Keyword
Woodbridge Holiday 2015 Facebook TV Food Network,2014-12-15,2014-12-18,National,No Gender Data,Woodbridge,552.0,21,55,Keyword
Woodbridge Holiday 2015 Facebook TV AMC Interests,2014-12-15,2014-12-18,National,No Gender Data,Woodbridge,552.0,21,55,Keyword
Woodbridge Holiday 2015 Facebook TV HGTV Interests,2014-12-15,2014-12-18,National,No Gender Data,Woodbridge,552.0,21,55,Keyword
Woodbridge Holiday 2015 Facebook TV E! Network,2014-12-15,2014-12-18,National,No Gender Data,Woodbridge,459.99999999999994,21,55,Keyword
Woodbridge Holiday 2015 Facebook TV Bravo,2014-12-15,2014-12-18,National,No Gender Data,Woodbridge,459.99999999999994,21,55,Keyword
Woodbridge Holiday 2015 Facebook TV E! Network,2014-12-13,2014-12-15,National,No Gender Data,Woodbridge,Spend Not Available,21,55,Keyword
Woodbridge Holiday 2015 Facebook TV Lifetime,2014-12-13,2014-12-15,National,No Gender Data,Woodbridge,Spend Not Available,21,55,Keyword
Woodbridge Holiday 2015 Facebook TV HGTV Interests,2014-12-13,2014-12-15,National,No Gender Data,Woodbridge,Spend Not Available,21,55,Keyword
Woodbridge Holiday 2015 Facebook TV AMC Interests,2014-12-13,2014-12-15,National,No Gender Data,Woodbridge,Spend Not Available,21,55,Keyword
Woodbridge Holiday 2015 Facebook TV Bravo,2014-12-13,2014-12-15,National,No Gender Data,Woodbridge,Spend Not Available,21,55,Keyword
Woodbridge Holiday 2015 Facebook TV Travel Channel,2014-12-13,2014-12-15,National,No Gender Data,Woodbridge,Spend Not Available,21,55,Keyword
Woodbridge Holiday 2015 Facebook TV Food Network,2014-12-13,2014-12-15,National,No Gender Data,Woodbridge,Spend Not Available,21,55,Keyword
Woodbridge Holiday 2015 Facebook TV TLC,2014-12-13,2014-12-15,National,No Gender Data,Woodbridge,Spend Not Available,21,55,Keyword
Woodbridge Holiday 2015 Facebook TV HGTV Interests,2014-12-11,2014-12-13,National,No Gender Data,Woodbridge,92.0,21,55,Keyword
Woodbridge Holiday 2015 Facebook TV Lifetime,2014-12-11,2014-12-13,National,No Gender Data,Woodbridge,184.0,21,55,Keyword
Woodbridge Holiday 2015 Facebook TV TLC,2014-12-11,2014-12-13,National,No Gender Data,Woodbridge,275.6665,21,55,Keyword
Woodbridge Holiday 2015 Facebook TV Travel Channel,2014-12-11,2014-12-13,National,No Gender Data,Woodbridge,459.9885,21,55,Keyword
Woodbridge Holiday 2015 Facebook TV AMC Interests,2014-12-11,2014-12-13,National,No Gender Data,Woodbridge,276.0,21,55,Keyword
Woodbridge Holiday 2015 Facebook TV E! Network,2014-12-11,2014-12-13,National,No Gender Data,Woodbridge,184.0,21,55,Keyword
Woodbridge Holiday 2015 Facebook TV Bravo,2014-12-11,2014-12-13,National,No Gender Data,Woodbridge,276.0,21,55,Keyword
Woodbridge Holiday 2015 Facebook TV Food Network,2014-12-11,2014-12-13,National,No Gender Data,Woodbridge,184.0,21,55,Keyword
Woodbridge Holiday 2015 Facebook TV HGTV Interests,2014-12-08,2014-12-11,National,No Gender Data,Woodbridge,241.4885,21,55,Keyword
Woodbridge Holiday 2015 Facebook TV Food Network,2014-12-08,2014-12-11,National,No Gender Data,Woodbridge,241.47699999999998,21,55,Keyword
Woodbridge Holiday 2015 Facebook TV Bravo,2014-12-08,2014-12-11,National,No Gender Data,Woodbridge,482.99999999999994,21,55,Keyword
Woodbridge Holiday 2015 Facebook TV Travel Channel,2014-12-08,2014-12-11,National,No Gender Data,Woodbridge,482.99999999999994,21,55,Keyword
Woodbridge Holiday 2015 Facebook TV AMC Interests,2014-12-08,2014-12-11,National,No Gender Data,Woodbridge,402.49999999999994,21,55,Keyword
Woodbridge Holiday 2015 Facebook TV Lifetime,2014-12-08,2014-12-11,National,No Gender Data,Woodbridge,241.49999999999997,21,55,Keyword
Woodbridge Holiday 2015 Facebook TV E! Network,2014-12-08,2014-12-11,National,No Gender Data,Woodbridge,482.99999999999994,21,55,Keyword
Woodbridge Holiday 2015 Facebook TV TLC,2014-12-08,2014-12-11,National,No Gender Data,Woodbridge,161.0,21,55,Keyword
Woodbridge Holiday 2015 Facebook TV HGTV Interests,2014-12-06,2014-12-08,National,No Gender Data,Woodbridge,229.99999999999997,21,55,Keyword
Woodbridge Holiday 2015 Facebook TV AMC Interests,2014-12-06,2014-12-08,National,No Gender Data,Woodbridge,287.5,21,55,Keyword
Woodbridge Holiday 2015 Facebook TV Food Network,2014-12-06,2014-12-08,National,No Gender Data,Woodbridge,172.5,21,55,Keyword
Woodbridge Holiday 2015 Facebook TV TLC,2014-12-06,2014-12-08,National,No Gender Data,Woodbridge,172.5,21,55,Keyword
Woodbridge Holiday 2015 Facebook TV E! Network,2014-12-06,2014-12-08,National,No Gender Data,Woodbridge,287.5,21,55,Keyword
Woodbridge Holiday 2015 Facebook TV Travel Channel,2014-12-06,2014-12-08,National,No Gender Data,Woodbridge,57.49999999999999,21,55,Keyword
Woodbridge Holiday 2015 Facebook TV Lifetime,2014-12-06,2014-12-08,National,No Gender Data,Woodbridge,345.0,21,55,Keyword
Woodbridge Holiday 2015 Facebook TV Bravo,2014-12-06,2014-12-08,National,No Gender Data,Woodbridge,229.99999999999997,21,55,Keyword
Woodbridge Holiday 2015 Facebook TV Travel Channel,2014-12-05,2014-12-06,National,No Gender Data,Woodbridge,57.49999999999999,21,55,Keyword
Woodbridge Holiday 2015 Facebook TV AMC Interests,2014-12-05,2014-12-06,National,No Gender Data,Woodbridge,57.49999999999999,21,55,Keyword
Woodbridge Holiday 2015 Facebook TV Lifetime,2014-12-05,2014-12-06,National,No Gender Data,Woodbridge,172.5,21,55,Keyword
Woodbridge Holiday 2015 Facebook TV Bravo,2014-12-05,2014-12-06,National,No Gender Data,Woodbridge,57.49999999999999,21,55,Keyword
Woodbridge Holiday 2015 Facebook TV E! Network,2014-12-05,2014-12-06,National,No Gender Data,Woodbridge,114.99999999999999,21,55,Keyword
Woodbridge Holiday 2015 Facebook TV Food Network,2014-12-05,2014-12-06,National,No Gender Data,Woodbridge,57.49999999999999,21,55,Keyword
Woodbridge Holiday 2015 Facebook TV HGTV Interests,2014-12-05,2014-12-06,National,No Gender Data,Woodbridge,114.99999999999999,21,55,Keyword
Woodbridge Holiday 2015 Facebook TV TLC,2014-12-05,2014-12-06,National,No Gender Data,Woodbridge,57.49999999999999,21,55,Keyword
Woodbridge Holiday 2015 Facebook TV Bravo,2014-12-04,2014-12-05,National,No Gender Data,Woodbridge,172.5,21,55,Keyword
Woodbridge Holiday 2015 Facebook TV E! Network,2014-12-04,2014-12-05,National,No Gender Data,Woodbridge,114.99999999999999,21,55,Keyword
Woodbridge Holiday 2015 Facebook TV Food Network,2014-12-04,2014-12-05,National,No Gender Data,Woodbridge,52.946,21,55,Keyword
Woodbridge Holiday 2015 Facebook TV Lifetime,2014-12-04,2014-12-05,National,No Gender Data,Woodbridge,57.49999999999999,21,55,Keyword
Woodbridge Holiday 2015 Facebook TV TLC,2014-12-04,2014-12-05,National,No Gender Data,Woodbridge,172.5,21,55,Keyword
Woodbridge Holiday 2015 Facebook TV Travel Channel,2014-12-04,2014-12-05,National,No Gender Data,Woodbridge,229.99999999999997,21,55,Keyword
Woodbridge Holiday 2015 Facebook TV HGTV Interests,2014-12-04,2014-12-05,National,No Gender Data,Woodbridge,57.224,21,55,Keyword
Woodbridge Holiday 2015 Facebook TV AMC Interests,2014-12-04,2014-12-05,National,No Gender Data,Woodbridge,114.99999999999999,21,55,Keyword
Woodbridge Holiday 2015 Facebook TV TLC,2014-11-26,2014-11-27,National,No Gender Data,Woodbridge,75.1985,21,55,Keyword
Woodbridge Holiday 2015 Facebook TV AMC Datalogix,2014-11-26,2014-11-27,National,No Gender Data,Woodbridge,37.59349999999999,21,55,Demo
Woodbridge Holiday 2015 Facebook TV Travel Channel,2014-11-26,2014-11-27,National,No Gender Data,Woodbridge,150.3855,21,55,Keyword
Woodbridge Holiday 2015 Facebook TV Food Network,2014-11-26,2014-11-27,National,No Gender Data,Woodbridge,37.59349999999999,21,55,Keyword
Woodbridge Holiday 2015 Facebook TV HGTV Interests,2014-11-26,2014-11-27,National,No Gender Data,Woodbridge,37.59349999999999,21,55,Keyword
Woodbridge Holiday 2015 Facebook TV E! Network,2014-11-26,2014-11-27,National,No Gender Data,Woodbridge,187.97899999999998,21,55,Keyword
Woodbridge Holiday 2015 Facebook TV Bravo,2014-11-26,2014-11-27,National,No Gender Data,Woodbridge,187.97899999999998,21,55,Keyword
Woodbridge Holiday 2015 Facebook TV Lifetime,2014-11-26,2014-11-27,National,No Gender Data,Woodbridge,37.59349999999999,21,55,Keyword
Woodbridge Holiday 2015 Facebook TV TLC,2014-11-25,2014-11-26,National,No Gender Data,Woodbridge,Spend Not Available,21,55,Keyword
Woodbridge Holiday 2015 Facebook TV Food Network,2014-11-25,2014-11-26,National,No Gender Data,Woodbridge,37.329,21,55,Keyword
Woodbridge Holiday 2015 Facebook TV AMC Interests,2014-11-25,2014-11-26,National,No Gender Data,Woodbridge,75.16399999999999,21,55,Keyword
Woodbridge Holiday 2015 Facebook TV Travel Channel,2014-11-25,2014-11-26,National,No Gender Data,Woodbridge,112.7345,21,55,Keyword
Woodbridge Holiday 2015 Facebook TV Bravo,2014-11-25,2014-11-26,National,No Gender Data,Woodbridge,112.79199999999999,21,55,Keyword
Woodbridge Holiday 2015 Facebook TV HGTV Interests,2014-11-25,2014-11-26,National,No Gender Data,Woodbridge,75.1295,21,55,Keyword
Woodbridge Holiday 2015 Facebook TV E! Network,2014-11-25,2014-11-26,National,No Gender Data,Woodbridge,37.59349999999999,21,55,Keyword
Woodbridge Holiday 2015 Facebook TV Lifetime,2014-11-25,2014-11-26,National,No Gender Data,Woodbridge,37.2945,21,55,Keyword
Woodbridge Holiday 2015 Facebook TV AMC Interests,2014-11-24,2014-11-25,National,No Gender Data,Woodbridge,37.59349999999999,21,55,Keyword
Woodbridge Holiday 2015 Facebook TV Food Network,2014-11-24,2014-11-25,National,No Gender Data,Woodbridge,37.59349999999999,21,55,Keyword
Woodbridge Holiday 2015 Facebook TV Bravo,2014-11-24,2014-11-25,National,No Gender Data,Woodbridge,73.2205,21,55,Keyword
Woodbridge Holiday 2015 Facebook TV Travel Channel,2014-11-24,2014-11-25,National,No Gender Data,Woodbridge,37.59349999999999,21,55,Keyword
Woodbridge Holiday 2015 Facebook TV HGTV Interests,2014-11-24,2014-11-25,National,No Gender Data,Woodbridge,37.59349999999999,21,55,Keyword
Woodbridge Holiday 2015 Facebook TV Lifetime,2014-11-24,2014-11-25,National,No Gender Data,Woodbridge,37.59349999999999,21,55,Keyword
Woodbridge Holiday 2015 Facebook TV E! Network,2014-11-24,2014-11-25,National,No Gender Data,Woodbridge,75.1985,21,55,Keyword
Woodbridge Holiday 2015 Facebook TV TLC,2014-11-24,2014-11-25,National,No Gender Data,Woodbridge,37.59349999999999,21,55,Keyword
Woodbridge Holiday 2015 Facebook TV AMC Datalogix,2014-11-20,2014-11-24,National,No Gender Data,Woodbridge,150.3165,21,55,Keyword
Woodbridge Holiday 2015 Facebook TV Food Network,2014-11-20,2014-11-24,Geographic,No Gender Data,Woodbridge,150.3855,21,55,Keyword
Woodbridge Holiday 2015 Facebook TV TLC,2014-11-20,2014-11-24,Geographic,No Gender Data,Woodbridge,187.97899999999998,21,55,Keyword
Woodbridge Holiday 2015 Facebook TV E! Network,2014-11-20,2014-11-24,National,No Gender Data,Woodbridge,263.097,21,55,Keyword
Woodbridge Holiday 2015 Facebook TV Lifetime,2014-11-20,2014-11-24,Geographic,No Gender Data,Woodbridge,112.76899999999999,21,55,Keyword
Woodbridge Holiday 2015 Facebook TV HGTV Datalogix,2014-11-20,2014-11-24,Geographic,No Gender Data,Woodbridge,112.65399999999998,21,55,Keyword
Woodbridge Holiday 2015 Facebook TV Travel Channel,2014-11-20,2014-11-24,Geographic,No Gender Data,Woodbridge,413.2525,21,55,Keyword
Woodbridge Holiday 2015 Facebook TV Bravo,2014-11-20,2014-11-24,National,No Gender Data,Woodbridge,299.86249999999995,21,55,Keyword
Woodbridge Holiday 2015 Facebook TV AMC Interests,2014-11-20,2014-11-24,Geographic,No Gender Data,Woodbridge,149.71849999999998,21,55,Keyword
(bugged) Woodbridge Holiday 2015 Facebook TV AMC Datalogix,2014-11-20,2014-11-24,Geographic,No Gender Data,(bugged) W,Spend Not Available,21,55,Keyword
Woodbridge Holiday 2015 Facebook TV HGTV Interests,2014-11-20,2014-11-24,Geographic,No Gender Data,Woodbridge,112.79199999999999,21,55,Keyword
Woodbridge Holiday 2015 Facebook TV Travel Channel,2014-11-16,2014-11-20,Geographic,No Gender Data,Woodbridge,300.702,21,55,Keyword
Woodbridge Holiday 2015 Facebook TV AMC Interests,2014-11-16,2014-11-20,Geographic,No Gender Data,Woodbridge,150.23599999999996,21,55,Keyword
Woodbridge Holiday 2015 Facebook TV HGTV Datalogix,2014-11-16,2014-11-20,Geographic,No Gender Data,Woodbridge,56.373,21,55,Keyword
Woodbridge Holiday 2015 Facebook TV AMC Datalogix,2014-11-16,2014-11-20,Geographic,No Gender Data,Woodbridge,150.01749999999998,21,55,Keyword
Woodbridge Holiday 2015 Facebook TV Bravo,2014-11-16,2014-11-20,Geographic,No Gender Data,Woodbridge,225.58399999999997,21,55,Keyword
Woodbridge Holiday 2015 Facebook TV HGTV Interests,2014-11-16,2014-11-20,Geographic,No Gender Data,Woodbridge,56.06249999999999,21,55,Keyword
Woodbridge Holiday 2015 Facebook TV E! Network,2014-11-16,2014-11-20,Geographic,No Gender Data,Woodbridge,225.515,21,55,Keyword
Woodbridge Holiday 2015 Facebook TV Lifetime,2014-11-16,2014-11-20,Geographic,No Gender Data,Woodbridge,Spend Not Available,21,55,Keyword
Woodbridge Holiday 2015 Facebook TV TLC,2014-11-16,2014-11-20,Geographic,No Gender Data,Woodbridge,Spend Not Available,21,55,Keyword
Woodbridge Holiday 2015 Facebook TV Food Network,2014-11-16,2014-11-20,Geographic,No Gender Data,Woodbridge,75.1985,21,55,Keyword
Woodbridge Holiday 2015 Facebook TV Travel Channel,2014-11-12,2014-11-16,Geographic,No Gender Data,Woodbridge,224.8135,21,55,Keyword
Woodbridge Holiday 2015 Facebook TV AMC Interests,2014-11-12,2014-11-16,Geographic,No Gender Data,Woodbridge,131.583,21,55,Keyword
Woodbridge Holiday 2015 Facebook TV Lifetime,2014-11-12,2014-11-16,Geographic,No Gender Data,Woodbridge,112.78049999999999,21,55,Keyword
Woodbridge Holiday 2015 Facebook TV HGTV Interests,2014-11-12,2014-11-16,Geographic,No Gender Data,Woodbridge,18.8025,21,55,Keyword
Woodbridge Holiday 2015 Facebook TV Food Network,2014-11-12,2014-11-16,Geographic,No Gender Data,Woodbridge,150.37399999999997,21,55,Keyword
Woodbridge Holiday 2015 Facebook TV TLC,2014-11-12,2014-11-16,Geographic,No Gender Data,Woodbridge,150.37399999999997,21,55,Keyword
Woodbridge Holiday 2015 Facebook TV Bravo,2014-11-12,2014-11-16,Geographic,No Gender Data,Woodbridge,412.84999999999997,21,55,Keyword
Woodbridge Holiday 2015 Facebook TV E! Network,2014-11-12,2014-11-16,Geographic,No Gender Data,Woodbridge,187.96749999999997,21,55,Keyword
Woodbridge Holiday 2015 Facebook TV AMC Datalogix,2014-11-12,2014-11-16,Geographic,No Gender Data,Woodbridge,131.583,21,55,Demo
Woodbridge Holiday 2015 Facebook TV HGTV Datalogix,2014-11-12,2014-11-16,Geographic,No Gender Data,Woodbridge,18.8025,21,55,Demo
Woodbridge Holiday 2015 Facebook TV Travel Channel (1),2014-11-12,2015-01-31,Geographic,No Gender Data,Woodbridge,Spend Not Available,21,55,Keyword
Woodbridge Holiday 2015 Facebook TV E! Network (1),2014-11-12,2015-01-31,Geographic,No Gender Data,Woodbridge,Spend Not Available,21,55,Keyword
Woodbridge Holiday 2015 Facebook TV TLC (1),2014-11-12,2015-01-31,Geographic,No Gender Data,Woodbridge,Spend Not Available,21,55,Keyword
Woodbridge Holiday 2015 Facebook TV HGTV Interests (1),2014-11-12,2015-01-31,Geographic,No Gender Data,Woodbridge,Spend Not Available,21,55,Keyword
Woodbridge Holiday 2015 Facebook TV Food Network (1),2014-11-12,2015-01-31,Geographic,No Gender Data,Woodbridge,Spend Not Available,21,55,Keyword
Woodbridge Holiday 2015 Facebook TV HGTV Datalogix (1),2014-11-12,2015-01-31,Geographic,No Gender Data,Woodbridge,Spend Not Available,21,55,Demo
Woodbridge Holiday 2015 Facebook TV Bravo (1),2014-11-12,2015-01-31,Geographic,No Gender Data,Woodbridge,Spend Not Available,21,55,Keyword
Woodbridge Holiday 2015 Facebook TV Lifetime (1),2014-11-12,2015-01-31,Geographic,No Gender Data,Woodbridge,Spend Not Available,21,55,Keyword
Woodbridge Holiday 2015 Facebook TV AMC Interests (1),2014-11-12,2015-01-31,Geographic,No Gender Data,Woodbridge,Spend Not Available,21,55,Keyword
Woodbridge Holiday 2015 Facebook TV AMC Datalogix (1),2014-11-12,2015-01-31,Geographic,No Gender Data,Woodbridge,Spend Not Available,21,55,Demo
Woodbridge Holiday 2015 Facebook TV Travel Channel,2014-11-12,2015-01-31,Geographic,No Gender Data,Woodbridge,Spend Not Available,21,55,Keyword
Woodbridge Holiday 2015 Facebook TV AMC Interests,2014-11-12,2015-01-31,Geographic,No Gender Data,Woodbridge,Spend Not Available,21,55,Keyword
Woodbridge Holiday 2015 Facebook TV HGTV Datalogix,2014-11-12,2015-01-31,Geographic,No Gender Data,Woodbridge,Spend Not Available,21,55,Demo
Woodbridge Holiday 2015 Facebook TV Bravo,2014-11-12,2015-01-31,Geographic,No Gender Data,Woodbridge,Spend Not Available,21,55,Keyword
Woodbridge Holiday 2015 Facebook TV E! Network,2014-11-12,2015-01-31,Geographic,No Gender Data,Woodbridge,Spend Not Available,21,55,Keyword
Woodbridge Holiday 2015 Facebook TV AMC Datalogix,2014-11-12,2015-01-31,Geographic,No Gender Data,Woodbridge,Spend Not Available,21,55,Demo
Woodbridge Holiday 2015 Facebook TV TLC,2014-11-12,2015-01-31,Geographic,No Gender Data,Woodbridge,Spend Not Available,21,55,Keyword
Woodbridge Holiday 2015 Facebook TV HGTV Interests,2014-11-12,2015-01-31,Geographic,No Gender Data,Woodbridge,Spend Not Available,21,55,Keyword
Woodbridge Holiday 2015 Facebook TV Lifetime,2014-11-12,2015-01-31,Geographic,No Gender Data,Woodbridge,Spend Not Available,21,55,Keyword
Woodbridge Holiday 2015 Facebook TV Food Network,2014-11-12,2015-01-31,Geographic,No Gender Data,Woodbridge,Spend Not Available,21,55,Keyword
Woodbridge 2015 NKH Social Donation Fans,2014-09-23,2014-10-01,Geographic,No Gender Data,Woodbridge,7499.932,21,65,Keyword
Woodbridge 2015 NKH Social Donation NKH 21+,2014-09-23,2014-10-01,Geographic,No Gender Data,Woodbridge,5874.8785,21,65,Keyword
Woodbridge 2015 NKH Social Donation 21+ Donated to Charity,2014-09-23,2014-10-01,Geographic,No Gender Data,Woodbridge,7499.909,21,65,Demo
Woodbridge 2015 NKH Social Donation Wine 25-55,2014-09-23,2014-10-01,Geographic,No Gender Data,Woodbridge,7499.932,25,55,Keyword
Clos du Bois 2015 Kroger Contest Desktop,2014-08-01,2014-09-02,Geographic,No Gender Data,Clos du Bois 2015 Kroge,6696.5075,21,65,Keyword
Clos du Bois 2015 Kroger Contest Mobile,2014-08-01,2014-09-02,Geographic,No Gender Data,Clos du Bois 2015 Kroge,4756.215999999999,21,65,Keyword
Clos du Bois 2015 Brand Contest Flight 1 Mobile Lookalike,2014-07-18,2014-09-02,Geographic,No Gender Data,Clos du Bois 2015 Brand,14529.571499999998,21,45,Keyword
Clos du Bois 2015 Brand Contest Flight 1 Desktop Lookalike,2014-07-18,2014-09-02,Geographic,No Gender Data,Clos du Bois 2015 Brand,14529.721,21,45,Keyword
Clos du Bois 2015 Brand Contest Flight 1 Desktop Cities,2014-07-16,2014-09-02,Geographic,No Gender Data,Clos du Bois 2015 Brand,1523.106,21,45,Keyword
Clos du Bois 2015 Brand Contest Flight 1 Mobile Cities,2014-07-16,2014-09-02,Geographic,No Gender Data,Clos du Bois 2015 Brand,479.3085,21,45,Keyword
Black Box 2015 Facebook TV TBS,2014-07-08,2014-09-01,Geographic,No Gender Data,Black Box 2015 Facebook,899.7829999999999,25,35,Keyword
Black Box 2015 Facebook TV HGTV,2014-07-08,2014-09-01,Geographic,No Gender Data,Black Box 2015 Facebook,899.9324999999999,25,35,Keyword
Black Box 2015 Facebook TV Travel Channel,2014-07-08,2014-09-01,Geographic,No Gender Data,Black Box 2015 Facebook,899.737,25,35,Keyword
Black Box 2015 Facebook TV Food Network,2014-07-08,2014-09-01,Geographic,No Gender Data,Black Box 2015 Facebook,899.6219999999998,25,35,Keyword
Black Box 2015 Facebook TV TLC,2014-07-08,2014-09-01,Geographic,No Gender Data,Black Box 2015 Facebook,899.7829999999999,25,35,Keyword
Black Box 2015 Facebook TV E! Network,2014-07-08,2014-09-01,Geographic,No Gender Data,Black Box 2015 Facebook,899.8979999999999,25,35,Keyword
Black Box 2015 Facebook TV Bravo,2014-07-08,2014-09-01,Geographic,No Gender Data,Black Box 2015 Facebook,899.8634999999999,25,35,Keyword
Black Box 2015 Facebook TV Outdoors,2014-07-08,2014-09-01,Geographic,No Gender Data,Black Box 2015 Facebook,899.9439999999998,25,35,Keyword
Black Box 2015 Facebook TV Wine,2014-07-08,2014-09-01,Geographic,No Gender Data,Black Box 2015 Facebook,899.852,25,35,Keyword
Black Box 2015 Facebook TV AMC,2014-07-08,2014-09-01,No Targeting Information,No Gender Data,Black Box 2015 Facebook,899.829,No Targeting,No Targeting,No Methodology
Arbor Mist July Walmart Sweeps July 4th,2014-07-01,2014-07-05,No Targeting Information,No Gender Data,Arbor Mist July Walmart,999.9824999999998,No Targeting,No Targeting,No Methodology
Clos du Bois 2015 Brand Contest Flight 1 Mobile Photo Uploaders,2014-07-01,2014-09-02,Geographic,No Gender Data,Clos du Bois 2015 Brand,1210.1909999999998,21,45,Behavioral
Clos du Bois 2015 Brand Contest Flight 1 Mobile Beach,2014-07-01,2014-09-02,Geographic,No Gender Data,Clos du Bois 2015 Brand,1197.656,21,45,Keyword
Clos du Bois 2015 Brand Contest Flight 1 Mobile Travelers,2014-07-01,2014-09-02,Geographic,No Gender Data,Clos du Bois 2015 Brand,1254.167,21,45,Behavioral
Clos du Bois 2015 Brand Contest Flight 1 Mobile Wine,2014-07-01,2014-09-02,Geographic,No Gender Data,Clos du Bois 2015 Brand,1223.9334999999999,21,45,Keyword
Clos du Bois 2015 Brand Contest Flight 1 Desktop Wine,2014-07-01,2014-09-02,Geographic,No Gender Data,Clos du Bois 2015 Brand,2118.4379999999996,21,45,Keyword
Clos du Bois 2015 Brand Contest Flight 1 Desktop Photo Uploader,2014-07-01,2014-09-02,Geographic,No Gender Data,Clos du Bois 2015 Brand,737.2535,21,45,Behavioral
Clos du Bois 2015 Brand Contest Flight 1 Desktop Travelers,2014-07-01,2014-09-02,Geographic,No Gender Data,Clos du Bois 2015 Brand,590.2719999999999,21,45,Behavioral
Clos du Bois 2015 Brand Contest Flight 1 Desktop Beach,2014-07-01,2014-09-02,Geographic,No Gender Data,Clos du Bois 2015 Brand,609.7645,21,45,Keyword
Woodbridge Summer 2015 Facebook TV Bravo,2014-06-23,2014-09-02,Geographic,No Gender Data,Woodbridge Summer 2015 ,3332.5734999999995,25,55,Keyword
Woodbridge Summer 2015 Facebook TV Wine,2014-06-23,2014-09-02,No Targeting Information,No Gender Data,Woodbridge Summer 2015 ,3332.654,No Targeting,No Targeting,No Methodology
Woodbridge Summer 2015 Facebook TV E! Network,2014-06-23,2014-09-02,Geographic,No Gender Data,Woodbridge Summer 2015 ,3332.1825,25,55,Keyword
Woodbridge Summer 2015 Facebook TV Lifetime,2014-06-23,2014-09-02,Geographic,No Gender Data,Woodbridge Summer 2015 ,3331.4809999999998,25,55,Keyword
Woodbridge Summer 2015 Facebook TV HGTV,2014-06-23,2014-09-02,Geographic,No Gender Data,Woodbridge Summer 2015 ,3332.0674999999997,25,55,Keyword
Woodbridge Summer 2015 Facebook TV TLC,2014-06-23,2014-09-02,Geographic,No Gender Data,Woodbridge Summer 2015 ,3331.987,25,55,Keyword
Woodbridge Summer 2015 Facebook TV Travel Channel,2014-06-23,2014-09-02,Geographic,No Gender Data,Woodbridge Summer 2015 ,3331.849,25,55,Keyword
Woodbridge Summer 2015 Facebook TV Food Network,2014-06-23,2014-09-02,Geographic,No Gender Data,Woodbridge Summer 2015 ,3332.3549999999996,25,55,Keyword
Woodbridge Summer 2015 Facebook TV AMC,2014-06-23,2014-09-02,Geographic,No Gender Data,Woodbridge Summer 2015 ,3331.9984999999997,25,55,Keyword
RMPS 2015 Facebook TV Commercial Video VH1 Network,2014-05-29,2014-07-01,Geographic,No Gender Data,RMPS 2015 Facebook TV C,2237.095,25,34,Keyword
RMPS 2015 Facebook TV Commercial Video Comedy Central,2014-05-29,2014-07-01,Geographic,No Gender Data,RMPS 2015 Facebook TV C,2184.2065,25,34,Keyword
RMPS 2015 Facebook TV Commercial Video Food Network,2014-05-29,2014-07-01,Geographic,No Gender Data,RMPS 2015 Facebook TV C,2163.9894999999997,25,34,Keyword
RMPS 2015 Facebook TV Commercial Video FX Network,2014-05-29,2014-07-01,Geographic,No Gender Data,RMPS 2015 Facebook TV C,2239.004,25,34,Keyword
RMPS 2015 Facebook TV Commercial Video BRAVO,2014-05-29,2014-07-01,Geographic,No Gender Data,RMPS 2015 Facebook TV C,2246.1915,25,34,Keyword
RMPS 2015 Facebook TV Commercial Video E! Entertainment,2014-05-29,2014-07-01,Geographic,No Gender Data,RMPS 2015 Facebook TV C,2250.5384999999997,25,34,Keyword
Robert Mondavi Winery Colbie Caillat Sweeps Mobile Lookalike,2014-05-15,2014-06-01,Geographic,No Gender Data,Robert Mondavi Winery C,722.7175,21,65,Keyword
Robert Mondavi Winery Colbie Caillat Sweeps Desktop Lookalike,2014-05-15,2014-06-01,Geographic,No Gender Data,Robert Mondavi Winery C,216.1195,21,65,Keyword
Dreaming Tree 2015 DMB Sweeps Lookalike,2014-05-15,2014-07-16,No Targeting Information,No Gender Data,Dreaming Tree 2015 DMB ,6799.167999999999,No Targeting,No Targeting,No Methodology
Thorny Rose 2015 Lollapalooza Sweepstakes Mobile Lookalike,2014-05-15,2014-06-16,Geographic,No Gender Data,Thorny Rose 2015 Lollap,5104.39,21,35,Keyword
Thorny Rose 2015 Lollapalooza Sweepstakes Desktop Lookalike,2014-05-15,2014-06-16,Geographic,No Gender Data,Thorny Rose 2015 Lollap,2493.0734999999995,21,35,Keyword
Robert Mondavi Winery Colbie Caillat Sweeps Desktop Interest,2014-05-09,2014-06-01,Geographic,No Gender Data,Robert Mondavi Winery C,964.252,21,65,Keyword
Robert Mondavi Winery Colbie Caillat Sweeps Mobile Interest,2014-05-09,2014-06-01,Geographic,No Gender Data,Robert Mondavi Winery C,1349.9735,21,65,Keyword
Dreaming Tree 2015 DMB Sweeps Emails,2014-05-05,2014-07-16,No Targeting Information,No Gender Data,Dreaming Tree 2015 DMB ,1155.06,No Targeting,No Targeting,No Methodology
Dreaming Tree 2015 DMB Sweeps Wine,2014-05-02,2014-07-16,No Targeting Information,No Gender Data,Dreaming Tree 2015 DMB ,1006.4224999999999,No Targeting,No Targeting,No Methodology
Dreaming Tree 2015 DMB Sweeps Retargeting,2014-05-02,2014-07-16,No Targeting Information,No Gender Data,Dreaming Tree 2015 DMB ,655.362,No Targeting,No Targeting,No Methodology
Dreaming Tree 2015 DMB Sweeps Bands,2014-05-02,2014-07-16,No Targeting Information,No Gender Data,Dreaming Tree 2015 DMB ,5382.5405,No Targeting,No Targeting,No Methodology
Robert Mondavi Winery Colbie Caillat Sweeps Mobile,2014-05-01,2014-06-01,Geographic,No Gender Data,Robert Mondavi Winery C,872.6545,21,65,Demo
Robert Mondavi Winery Colbie Caillat Sweeps Desktop,2014-05-01,2014-06-01,Geographic,No Gender Data,Robert Mondavi Winery C,875.1384999999999,21,65,Demo
Thorny Rose 2015 Lollapalooza Sweepstakes Mobile Bands,2014-05-01,2014-06-16,Geographic,No Gender Data,Thorny Rose 2015 Lollap,183.31,21,35,Keyword
Thorny Rose 2015 Lollapalooza Sweepstakes Mobile Alcohol,2014-05-01,2014-06-16,Geographic,No Gender Data,Thorny Rose 2015 Lollap,186.9785,21,35,Keyword
Thorny Rose 2015 Lollapalooza Sweepstakes Desktop Chicago,2014-05-01,2014-06-16,Geographic,No Gender Data,Thorny Rose 2015 Lollap,2338.111,21,35,Keyword
Thorny Rose 2015 Lollapalooza Sweepstakes Mobile Chicago,2014-05-01,2014-06-16,Geographic,No Gender Data,Thorny Rose 2015 Lollap,183.31,21,35,Keyword
Thorny Rose 2015 Lollapalooza Sweepstakes Desktop Entertainment,2014-05-01,2014-06-16,Geographic,No Gender Data,Thorny Rose 2015 Lollap,185.863,21,35,Keyword
Thorny Rose 2015 Lollapalooza Sweepstakes Mobile Entertainment,2014-05-01,2014-06-16,Geographic,No Gender Data,Thorny Rose 2015 Lollap,184.82799999999997,21,35,Keyword
Thorny Rose 2015 Lollapalooza Sweepstakes Mobile Music Festivals,2014-05-01,2014-06-16,Geographic,No Gender Data,Thorny Rose 2015 Lollap,2996.7619999999997,21,35,Keyword
Thorny Rose 2015 Lollapalooza Sweepstakes Mobile Brands,2014-05-01,2014-06-16,Geographic,No Gender Data,Thorny Rose 2015 Lollap,183.9655,21,35,Keyword
Thorny Rose 2015 Lollapalooza Sweepstakes Desktop Music Festivals,2014-05-01,2014-06-16,Geographic,No Gender Data,Thorny Rose 2015 Lollap,2994.1055,21,35,Keyword
Thorny Rose 2015 Lollapalooza Sweepstakes Desktop Bands,2014-05-01,2014-06-16,Geographic,No Gender Data,Thorny Rose 2015 Lollap,1417.375,21,35,Keyword
Thorny Rose 2015 Lollapalooza Sweepstakes Desktop Alcohol,2014-05-01,2014-06-16,Geographic,No Gender Data,Thorny Rose 2015 Lollap,1357.8625,21,35,Keyword
Thorny Rose 2015 Lollapalooza Sweepstakes Desktop Brands,2014-05-01,2014-06-16,Geographic,No Gender Data,Thorny Rose 2015 Lollap,190.67,21,35,Keyword
RMPS 2015 Facebook TV Justin Warner Video FXX Network,2014-04-28,2014-07-01,Geographic,No Gender Data,RMPS 2015 Facebook TV J,13.362999999999998,25,34,Keyword
RMPS 2015 Facebook TV Justin Warner Video VH1 Network,2014-04-28,2014-07-01,Geographic,No Gender Data,RMPS 2015 Facebook TV J,1421.9865,25,34,Keyword
RMPS 2015 Facebook TV Justin Warner Video BRAVO,2014-04-28,2014-07-01,Geographic,No Gender Data,RMPS 2015 Facebook TV J,867.997,25,34,Keyword
RMPS 2015 Facebook TV Justin Warner Video Food Network,2014-04-28,2014-07-01,Geographic,No Gender Data,RMPS 2015 Facebook TV J,810.3359999999999,25,34,Keyword
RMPS 2015 Facebook TV Justin Warner Video FX Network,2014-04-28,2014-07-01,Geographic,No Gender Data,RMPS 2015 Facebook TV J,844.5944999999999,25,34,Keyword
RMPS 2015 Facebook TV Justin Warner Video Esquire Network,2014-04-28,2014-07-01,Geographic,No Gender Data,RMPS 2015 Facebook TV J,1078.148,25,34,Keyword
RMPS 2015 Facebook TV Justin Warner Video E! Entertainment,2014-04-28,2014-07-01,Geographic,No Gender Data,RMPS 2015 Facebook TV J,55.43,25,34,Keyword
RMPS 2015 Facebook TV Justin Warner Video Comedy Central,2014-04-28,2014-07-01,Geographic,No Gender Data,RMPS 2015 Facebook TV J,942.2755,25,34,Keyword
Woodbridge Miss Vickies Sweeps Desktop Conversions,2014-04-28,2014-05-05,Geographic,No Gender Data,Woodbridge Miss Vickies,2592.1575,25,64,Demo
RMPS 2015 Facebook TV Song Download VH1 Network,2014-04-23,2014-07-01,Geographic,No Gender Data,RMPS 2015 Facebook TV S,2872.0099999999998,25,34,Keyword
RMPS 2015 Facebook TV Song Download FX Network,2014-04-23,2014-07-01,Geographic,No Gender Data,RMPS 2015 Facebook TV S,2873.2865,25,34,Keyword
RMPS 2015 Facebook TV Song Download Food Network,2014-04-23,2014-07-01,Geographic,No Gender Data,RMPS 2015 Facebook TV S,2827.9305,25,34,Keyword
RMPS 2015 Facebook TV Song Download FXX Network,2014-04-23,2014-07-01,Geographic,No Gender Data,RMPS 2015 Facebook TV S,85.08849999999998,25,34,Keyword
RMPS 2015 Facebook TV Song Download BRAVO,2014-04-23,2014-07-01,Geographic,No Gender Data,RMPS 2015 Facebook TV S,2883.7285,25,34,Keyword
RMPS 2015 Facebook TV Song Download E! Entertainment,2014-04-23,2014-07-01,Geographic,No Gender Data,RMPS 2015 Facebook TV S,2879.6575,25,34,Keyword
RMPS 2015 Facebook TV Song Download Esquire Network,2014-04-23,2014-07-01,Geographic,No Gender Data,RMPS 2015 Facebook TV S,87.63,25,34,Keyword
RMPS 2015 Facebook TV Song Download Comedy Central,2014-04-23,2014-07-01,Geographic,No Gender Data,RMPS 2015 Facebook TV S,2843.1105,25,34,Keyword
Woodbridge Miss Vickies Sweeps Mobile Conversions,2014-04-21,2014-05-05,Geographic,No Gender Data,Woodbridge Miss Vickies,9577.0045,25,64,Demo
Woodbridge Ms. Vickies Chips Sweeps Mobile,2014-04-15,2014-05-04,Geographic,No Gender Data,Woodbridge Ms. Vickies ,13393.498,25,64,Demo
Woodbridge Miss Vickies Sweeps Desktop,2014-04-12,2014-05-04,Geographic,No Gender Data,Woodbridge Miss Vickies,8524.4785,25,64,Demo
Woodbridge Ms. Vickies Chips Sweeps Desktop,2014-04-10,2014-05-04,Geographic,No Gender Data,Woodbridge Ms. Vickies ,7321.5554999999995,25,64,Demo
Woodbridge Ms. Vickies Chips Sweeps First Round,2014-04-08,2014-05-04,Geographic,No Gender Data,Woodbridge Ms. Vickies ,1264.6895,25,64,Demo
Multiple Countries - 21-65,2014-03-11,2014-03-15,No Targeting Information,No Gender Data,Multiple Countries - 21,996.406,No Targeting,No Targeting,No Methodology
Multiple Countries - 21-65,2014-03-03,2014-03-07,No Targeting Information,No Gender Data,Multiple Countries - 21,500.02,No Targeting,No Targeting,No Methodology
Svedka February Newsfeed,2015-02-05,2015-02-28,National,No Gender Data,Svedka,456.4695,21,65,Keyword
Svedka February Righthand,2015-02-05,2015-02-28,National,No Gender Data,Svedka,341.4695,21,65,Keyword
Svedka Walgreens JANUARY NEWSFEED,2015-01-06,2015-01-31,National,No Gender Data,Svedka,451.1909999999999,21,65,Keyword
Svedka Walgreens JANUARY Righthand,2015-01-06,2015-01-31,National,No Gender Data,Svedka,429.134,21,65,Keyword
Rent the runway upscale wine and travel,2014-11-01,2015-01-30,National,Female,Rent the ,9682.010999999999,21,44,Keyword
Rent the runway Fashionista,2014-11-01,2015-01-30,National,Female,Rent the ,317.9865,21,65,Keyword
